Date,Price,Open,High,Low,Change %
"Apr 09, 2020",-0.342,-0.313,-0.292,-0.36200000000000004,10.86%
"Apr 08, 2020",-0.308,-0.365,-0.294,-0.377,-5.08%
"Apr 07, 2020",-0.325,-0.428,-0.307,-0.428,-23.44%
"Apr 06, 2020",-0.424,-0.44,-0.396,-0.44,-3.74%
"Apr 03, 2020",-0.441,-0.441,-0.425,-0.46,1.61%
"Apr 02, 2020",-0.434,-0.46299999999999997,-0.41,-0.46299999999999997,-6.26%
"Apr 01, 2020",-0.46299999999999997,-0.512,-0.45399999999999996,-0.531,-3.84%
"Mar 31, 2020",-0.48100000000000004,-0.507,-0.457,-0.512,-2.92%
"Mar 30, 2020",-0.496,-0.47600000000000003,-0.47200000000000003,-0.552,4.42%
"Mar 27, 2020",-0.475,-0.39399999999999996,-0.38799999999999996,-0.502,29.08%
"Mar 26, 2020",-0.368,-0.268,-0.268,-0.38799999999999996,32.37%
"Mar 25, 2020",-0.278,-0.342,-0.259,-0.355,-21.02%
"Mar 24, 2020",-0.35200000000000004,-0.3670000000000001,-0.319,-0.381,-9.86%
"Mar 23, 2020",-0.391,-0.34,-0.33799999999999997,-0.41,19.79%
"Mar 20, 2020",-0.326,-0.254,-0.23600000000000002,-0.341,32.79%
"Mar 19, 2020",-0.245,-0.375,-0.146,-0.387,6.74%
"Mar 18, 2020",-0.23,-0.38299999999999995,-0.2,-0.387,-46.76%
"Mar 17, 2020",-0.4320000000000001,-0.431,-0.373,-0.475,-6.29%
"Mar 16, 2020",-0.461,-0.598,-0.449,-0.601,-15.88%
"Mar 13, 2020",-0.5479999999999999,-0.6729999999999999,-0.539,-0.6829999999999999,-26.24%
"Mar 12, 2020",-0.743,-0.7909999999999999,-0.7090000000000001,-0.802,-0.40%
"Mar 11, 2020",-0.746,-0.792,-0.7340000000000001,-0.818,-6.87%
"Mar 10, 2020",-0.8009999999999999,-0.733,-0.703,-0.8190000000000001,-6.21%
"Mar 09, 2020",-0.8540000000000001,-0.795,-0.795,-0.909,19.86%
"Mar 07, 2020",-0.7120000000000001,-0.7120000000000001,-0.7120000000000001,-0.7120000000000001,-0.07%
"Mar 06, 2020",-0.713,-0.706,-0.6990000000000001,-0.746,4.39%
"Mar 05, 2020",-0.6829999999999999,-0.62,-0.61,-0.6890000000000001,7.05%
"Mar 04, 2020",-0.638,-0.643,-0.609,-0.648,1.75%
"Mar 03, 2020",-0.627,-0.612,-0.569,-0.642,0.97%
"Mar 02, 2020",-0.621,-0.619,-0.578,-0.667,2.14%
"Feb 28, 2020",-0.608,-0.573,-0.569,-0.627,12.38%
"Feb 27, 2020",-0.541,-0.518,-0.504,-0.5670000000000001,6.92%
"Feb 26, 2020",-0.506,-0.509,-0.47200000000000003,-0.531,-0.78%
"Feb 25, 2020",-0.51,-0.46799999999999997,-0.465,-0.52,6.25%
"Feb 24, 2020",-0.48,-0.466,-0.456,-0.5,12.15%
"Feb 21, 2020",-0.428,-0.452,-0.4270000000000001,-0.465,-3.39%
"Feb 20, 2020",-0.44299999999999995,-0.419,-0.41,-0.447,5.48%
"Feb 19, 2020",-0.42,-0.40299999999999997,-0.391,-0.423,3.45%
"Feb 18, 2020",-0.406,-0.42100000000000004,-0.391,-0.4320000000000001,1.25%
"Feb 17, 2020",-0.401,-0.391,-0.37799999999999995,-0.40700000000000003,0.00%
"Feb 14, 2020",-0.401,-0.39299999999999996,-0.379,-0.41100000000000003,3.89%
"Feb 13, 2020",-0.386,-0.39899999999999997,-0.375,-0.414,2.93%
"Feb 12, 2020",-0.375,-0.376,-0.355,-0.386,-4.34%
"Feb 11, 2020",-0.392,-0.397,-0.38,-0.408,-4.62%
"Feb 10, 2020",-0.41100000000000003,-0.379,-0.377,-0.413,6.75%
"Feb 07, 2020",-0.385,-0.369,-0.368,-0.4,4.90%
"Feb 06, 2020",-0.3670000000000001,-0.355,-0.33899999999999997,-0.37,1.94%
"Feb 05, 2020",-0.36,-0.406,-0.355,-0.41600000000000004,-9.32%
"Feb 04, 2020",-0.397,-0.4270000000000001,-0.391,-0.434,-10.38%
"Feb 03, 2020",-0.44299999999999995,-0.431,-0.43,-0.447,2.07%
"Jan 31, 2020",-0.434,-0.39899999999999997,-0.397,-0.445,7.16%
"Jan 30, 2020",-0.405,-0.395,-0.391,-0.413,7.14%
"Jan 29, 2020",-0.37799999999999995,-0.35200000000000004,-0.35,-0.384,-0.26%
"Jan 28, 2020",-0.379,-0.377,-0.376,-0.40399999999999997,-1.56%
"Jan 27, 2020",-0.385,-0.335,-0.33299999999999996,-0.391,14.58%
"Jan 24, 2020",-0.336,-0.299,-0.28,-0.337,9.80%
"Jan 23, 2020",-0.306,-0.26,-0.258,-0.313,17.24%
"Jan 22, 2020",-0.261,-0.23800000000000002,-0.23800000000000002,-0.27399999999999997,5.67%
"Jan 21, 2020",-0.247,-0.23399999999999999,-0.20800000000000002,-0.256,13.30%
"Jan 20, 2020",-0.218,-0.214,-0.205,-0.222,1.87%
"Jan 17, 2020",-0.214,-0.205,-0.201,-0.226,-0.93%
"Jan 16, 2020",-0.21600000000000005,-0.2,-0.195,-0.225,9.09%
"Jan 15, 2020",-0.198,-0.171,-0.16899999999999998,-0.223,-4.35%
"Jan 14, 2020",-0.207,-0.191,-0.188,-0.215,6.15%
"Jan 13, 2020",-0.195,-0.233,-0.19,-0.23600000000000002,-17.02%
"Jan 10, 2020",-0.235,-0.22399999999999998,-0.201,-0.239,7.80%
"Jan 09, 2020",-0.218,-0.233,-0.213,-0.24600000000000002,-9.92%
"Jan 08, 2020",-0.242,-0.29600000000000004,-0.239,-0.299,-14.49%
"Jan 07, 2020",-0.28300000000000003,-0.28,-0.26899999999999996,-0.297,-1.05%
"Jan 06, 2020",-0.28600000000000003,-0.293,-0.27899999999999997,-0.311,2.14%
"Jan 03, 2020",-0.28,-0.252,-0.248,-0.302,26.70%
"Jan 02, 2020",-0.221,-0.18,-0.157,-0.239,18.18%
"Dec 31, 2019",-0.187,-0.187,-0.187,-0.187,2.75%
"Dec 30, 2019",-0.182,-0.251,-0.172,-0.252,-27.78%
"Dec 27, 2019",-0.252,-0.259,-0.237,-0.259,2.86%
"Dec 26, 2019",-0.245,-0.24600000000000002,-0.245,-0.24600000000000002,0.00%
"Dec 25, 2019",-0.245,-0.24600000000000002,-0.245,-0.24600000000000002,0.20%
"Dec 24, 2019",-0.244,-0.24600000000000002,-0.244,-0.24600000000000002,2.30%
"Dec 23, 2019",-0.239,-0.256,-0.235,-0.272,-4.40%
"Dec 20, 2019",-0.25,-0.23600000000000002,-0.218,-0.253,6.84%
"Dec 19, 2019",-0.23399999999999999,-0.247,-0.20800000000000002,-0.251,-5.65%
"Dec 18, 2019",-0.248,-0.292,-0.237,-0.306,-15.36%
"Dec 17, 2019",-0.293,-0.294,-0.276,-0.299,6.55%
"Dec 16, 2019",-0.275,-0.284,-0.266,-0.308,-5.17%
"Dec 13, 2019",-0.29,-0.221,-0.215,-0.297,7.81%
"Dec 12, 2019",-0.26899999999999996,-0.325,-0.259,-0.342,-16.46%
"Dec 11, 2019",-0.322,-0.29600000000000004,-0.293,-0.32299999999999995,8.78%
"Dec 10, 2019",-0.29600000000000004,-0.305,-0.28300000000000003,-0.311,-3.58%
"Dec 09, 2019",-0.307,-0.289,-0.287,-0.322,6.97%
"Dec 06, 2019",-0.287,-0.293,-0.272,-0.312,-3.37%
"Dec 05, 2019",-0.297,-0.33,-0.276,-0.33,-5.11%
"Dec 04, 2019",-0.313,-0.345,-0.313,-0.365,-10.06%
"Dec 03, 2019",-0.348,-0.26899999999999996,-0.26,-0.35200000000000004,24.29%
"Dec 02, 2019",-0.28,-0.32299999999999995,-0.26899999999999996,-0.32299999999999995,-22.22%
"Nov 29, 2019",-0.36,-0.363,-0.34,-0.374,0.00%
"Nov 28, 2019",-0.36,-0.37,-0.35600000000000004,-0.386,-3.23%
"Nov 27, 2019",-0.3720000000000001,-0.37,-0.355,-0.381,0.27%
"Nov 26, 2019",-0.371,-0.35200000000000004,-0.33899999999999997,-0.379,6.30%
"Nov 25, 2019",-0.349,-0.35600000000000004,-0.34299999999999997,-0.36200000000000004,-2.79%
"Nov 22, 2019",-0.359,-0.321,-0.303,-0.365,10.12%
"Nov 21, 2019",-0.326,-0.355,-0.32,-0.361,-6.05%
"Nov 20, 2019",-0.34700000000000003,-0.363,-0.34600000000000003,-0.384,2.36%
"Nov 19, 2019",-0.33899999999999997,-0.336,-0.32299999999999995,-0.34299999999999997,0.89%
"Nov 18, 2019",-0.336,-0.336,-0.314,-0.35200000000000004,0.30%
"Nov 16, 2019",-0.335,-0.336,-0.335,-0.336,0.00%
"Nov 15, 2019",-0.335,-0.325,-0.325,-0.348,-4.29%
"Nov 14, 2019",-0.35,-0.303,-0.3,-0.353,17.45%
"Nov 13, 2019",-0.298,-0.257,-0.253,-0.308,18.25%
"Nov 12, 2019",-0.252,-0.23600000000000002,-0.22699999999999998,-0.256,3.28%
"Nov 11, 2019",-0.244,-0.268,-0.24100000000000002,-0.27399999999999997,-8.79%
"Nov 09, 2019",-0.268,-0.268,-0.268,-0.268,2.49%
"Nov 08, 2019",-0.261,-0.254,-0.218,-0.27,11.54%
"Nov 07, 2019",-0.23399999999999999,-0.33299999999999996,-0.23199999999999998,-0.342,-29.94%
"Nov 06, 2019",-0.33399999999999996,-0.31,-0.295,-0.335,8.09%
"Nov 05, 2019",-0.309,-0.33899999999999997,-0.302,-0.345,-11.46%
"Nov 04, 2019",-0.349,-0.377,-0.345,-0.377,-8.40%
"Nov 01, 2019",-0.381,-0.40700000000000003,-0.374,-0.41700000000000004,-5.46%
"Oct 31, 2019",-0.40299999999999997,-0.373,-0.373,-0.42100000000000004,13.52%
"Oct 30, 2019",-0.355,-0.355,-0.337,-0.369,1.14%
"Oct 29, 2019",-0.35100000000000003,-0.332,-0.327,-0.359,6.04%
"Oct 28, 2019",-0.331,-0.359,-0.32,-0.375,-9.07%
"Oct 25, 2019",-0.364,-0.397,-0.35700000000000004,-0.40299999999999997,-10.34%
"Oct 24, 2019",-0.406,-0.38799999999999996,-0.36,-0.415,4.10%
"Oct 23, 2019",-0.39,-0.387,-0.384,-0.414,6.27%
"Oct 22, 2019",-0.3670000000000001,-0.34,-0.336,-0.382,6.38%
"Oct 21, 2019",-0.345,-0.376,-0.33399999999999996,-0.37799999999999995,-9.21%
"Oct 18, 2019",-0.38,-0.406,-0.3670000000000001,-0.408,-6.86%
"Oct 17, 2019",-0.408,-0.405,-0.33299999999999996,-0.409,5.97%
"Oct 16, 2019",-0.385,-0.413,-0.377,-0.436,-7.67%
"Oct 15, 2019",-0.41700000000000004,-0.45799999999999996,-0.405,-0.473,-8.15%
"Oct 14, 2019",-0.45399999999999996,-0.465,-0.452,-0.48200000000000004,2.02%
"Oct 11, 2019",-0.445,-0.465,-0.4270000000000001,-0.499,-5.12%
"Oct 10, 2019",-0.469,-0.5479999999999999,-0.466,-0.5539999999999999,-14.57%
"Oct 09, 2019",-0.5489999999999999,-0.586,-0.544,-0.591,-7.58%
"Oct 08, 2019",-0.594,-0.556,-0.544,-0.599,3.30%
"Oct 07, 2019",-0.575,-0.585,-0.57,-0.602,-1.71%
"Oct 05, 2019",-0.585,-0.585,-0.585,-0.585,-0.34%
"Oct 04, 2019",-0.5870000000000001,-0.584,-0.575,-0.604,0.00%
"Oct 03, 2019",-0.5870000000000001,-0.552,-0.552,-0.604,7.31%
"Oct 02, 2019",-0.547,-0.5429999999999999,-0.525,-0.557,-2.67%
"Oct 01, 2019",-0.562,-0.5489999999999999,-0.509,-0.569,-1.75%
"Sep 30, 2019",-0.5720000000000001,-0.58,-0.542,-0.583,-0.17%
"Sep 28, 2019",-0.573,-0.5770000000000001,-0.573,-0.5770000000000001,-0.35%
"Sep 27, 2019",-0.575,-0.581,-0.563,-0.597,-1.37%
"Sep 26, 2019",-0.583,-0.573,-0.564,-0.594,1.22%
"Sep 25, 2019",-0.5760000000000001,-0.602,-0.569,-0.622,-4.00%
"Sep 24, 2019",-0.6,-0.5710000000000001,-0.5589999999999999,-0.608,2.92%
"Sep 23, 2019",-0.583,-0.525,-0.508,-0.597,11.69%
"Sep 20, 2019",-0.522,-0.505,-0.5,-0.526,2.96%
"Sep 19, 2019",-0.507,-0.501,-0.47600000000000003,-0.512,-0.20%
"Sep 18, 2019",-0.508,-0.469,-0.469,-0.513,7.17%
"Sep 17, 2019",-0.474,-0.483,-0.462,-0.495,-1.25%
"Sep 16, 2019",-0.48,-0.46299999999999997,-0.444,-0.4920000000000001,7.87%
"Sep 13, 2019",-0.445,-0.502,-0.434,-0.514,-15.08%
"Sep 12, 2019",-0.524,-0.5539999999999999,-0.508,-0.647,-6.60%
"Sep 11, 2019",-0.561,-0.542,-0.527,-0.574,2.37%
"Sep 10, 2019",-0.5479999999999999,-0.573,-0.541,-0.5870000000000001,-5.84%
"Sep 09, 2019",-0.5820000000000001,-0.636,-0.565,-0.64,-8.78%
"Sep 07, 2019",-0.638,-0.638,-0.638,-0.638,0.16%
"Sep 06, 2019",-0.637,-0.585,-0.573,-0.64,7.06%
"Sep 05, 2019",-0.595,-0.657,-0.5710000000000001,-0.67,-11.85%
"Sep 04, 2019",-0.675,-0.691,-0.635,-0.698,-3.98%
"Sep 03, 2019",-0.703,-0.6990000000000001,-0.6940000000000001,-0.743,0.14%
"Sep 02, 2019",-0.7020000000000001,-0.703,-0.674,-0.705,-0.14%
"Aug 30, 2019",-0.703,-0.698,-0.677,-0.718,1.30%
"Aug 29, 2019",-0.6940000000000001,-0.713,-0.677,-0.72,-2.25%
"Aug 28, 2019",-0.71,-0.6970000000000001,-0.693,-0.728,2.31%
"Aug 27, 2019",-0.6940000000000001,-0.6679999999999999,-0.665,-0.698,4.68%
"Aug 26, 2019",-0.6629999999999999,-0.7040000000000001,-0.652,-0.7040000000000001,-2.07%
"Aug 23, 2019",-0.677,-0.623,-0.603,-0.6829999999999999,4.96%
"Aug 22, 2019",-0.645,-0.677,-0.614,-0.695,-3.87%
"Aug 21, 2019",-0.6709999999999999,-0.68,-0.645,-0.6859999999999999,-2.89%
"Aug 20, 2019",-0.691,-0.654,-0.649,-0.711,6.14%
"Aug 19, 2019",-0.6509999999999999,-0.6729999999999999,-0.624,-0.691,-4.82%
"Aug 16, 2019",-0.684,-0.708,-0.645,-0.727,-3.80%
"Aug 15, 2019",-0.711,-0.6609999999999999,-0.6409999999999999,-0.7140000000000001,9.55%
"Aug 14, 2019",-0.649,-0.608,-0.608,-0.657,6.74%
"Aug 13, 2019",-0.608,-0.604,-0.5870000000000001,-0.619,2.53%
"Aug 12, 2019",-0.593,-0.5720000000000001,-0.5710000000000001,-0.597,3.13%
"Aug 09, 2019",-0.575,-0.595,-0.565,-0.598,3.05%
"Aug 08, 2019",-0.5579999999999999,-0.5760000000000001,-0.523,-0.581,-4.12%
"Aug 07, 2019",-0.5820000000000001,-0.5489999999999999,-0.537,-0.61,8.38%
"Aug 06, 2019",-0.537,-0.511,-0.509,-0.544,4.07%
"Aug 05, 2019",-0.516,-0.522,-0.504,-0.537,4.24%
"Aug 02, 2019",-0.495,-0.478,-0.47100000000000003,-0.502,10.24%
"Aug 01, 2019",-0.449,-0.433,-0.41200000000000003,-0.466,1.58%
"Jul 31, 2019",-0.442,-0.402,-0.397,-0.442,11.34%
"Jul 30, 2019",-0.397,-0.395,-0.38799999999999996,-0.406,2.06%
"Jul 29, 2019",-0.389,-0.385,-0.377,-0.401,3.18%
"Jul 27, 2019",-0.377,-0.377,-0.377,-0.377,0.00%
"Jul 26, 2019",-0.377,-0.368,-0.358,-0.382,4.43%
"Jul 25, 2019",-0.361,-0.379,-0.33,-0.42200000000000004,-4.50%
"Jul 24, 2019",-0.37799999999999995,-0.35,-0.34299999999999997,-0.39,7.08%
"Jul 23, 2019",-0.353,-0.335,-0.332,-0.359,2.62%
"Jul 22, 2019",-0.344,-0.319,-0.314,-0.34700000000000003,6.17%
"Jul 20, 2019",-0.324,-0.324,-0.324,-0.324,0.62%
"Jul 19, 2019",-0.322,-0.31,-0.31,-0.332,3.87%
"Jul 18, 2019",-0.31,-0.307,-0.295,-0.327,8.01%
"Jul 17, 2019",-0.287,-0.273,-0.263,-0.297,-0.69%
"Jul 16, 2019",-0.289,-0.3,-0.282,-0.316,-1.70%
"Jul 15, 2019",-0.294,-0.245,-0.243,-0.299,16.67%
"Jul 13, 2019",-0.252,-0.252,-0.252,-0.252,1.61%
"Jul 12, 2019",-0.248,-0.249,-0.22399999999999998,-0.266,-6.06%
"Jul 11, 2019",-0.264,-0.317,-0.253,-0.321,-13.73%
"Jul 10, 2019",-0.306,-0.335,-0.27899999999999997,-0.354,-13.56%
"Jul 09, 2019",-0.354,-0.37,-0.345,-0.374,-3.28%
"Jul 08, 2019",-0.366,-0.384,-0.363,-0.387,1.39%
"Jul 05, 2019",-0.361,-0.401,-0.34,-0.40299999999999997,-9.52%
"Jul 04, 2019",-0.39899999999999997,-0.385,-0.38,-0.409,3.64%
"Jul 03, 2019",-0.385,-0.386,-0.375,-0.39899999999999997,4.62%
"Jul 02, 2019",-0.368,-0.361,-0.341,-0.37,4.25%
"Jul 01, 2019",-0.353,-0.311,-0.304,-0.363,7.62%
"Jun 28, 2019",-0.32799999999999996,-0.32299999999999995,-0.305,-0.331,2.50%
"Jun 27, 2019",-0.32,-0.293,-0.27,-0.321,5.61%
"Jun 26, 2019",-0.303,-0.319,-0.299,-0.331,-8.46%
"Jun 25, 2019",-0.331,-0.312,-0.304,-0.336,8.17%
"Jun 24, 2019",-0.306,-0.287,-0.285,-0.314,7.75%
"Jun 21, 2019",-0.284,-0.311,-0.273,-0.322,-10.13%
"Jun 20, 2019",-0.316,-0.313,-0.3,-0.32299999999999995,9.34%
"Jun 19, 2019",-0.289,-0.313,-0.28,-0.32,-8.83%
"Jun 18, 2019",-0.317,-0.249,-0.244,-0.32899999999999996,29.39%
"Jun 17, 2019",-0.245,-0.25,-0.233,-0.256,-4.30%
"Jun 14, 2019",-0.256,-0.25,-0.24100000000000002,-0.271,5.79%
"Jun 13, 2019",-0.242,-0.24,-0.23199999999999998,-0.252,2.11%
"Jun 12, 2019",-0.237,-0.237,-0.228,-0.248,1.72%
"Jun 11, 2019",-0.233,-0.215,-0.214,-0.23600000000000002,6.39%
"Jun 10, 2019",-0.21899999999999997,-0.247,-0.21100000000000002,-0.248,-14.79%
"Jun 07, 2019",-0.257,-0.23,-0.225,-0.262,7.08%
"Jun 06, 2019",-0.24,-0.226,-0.18899999999999997,-0.24,5.73%
"Jun 05, 2019",-0.22699999999999998,-0.20600000000000002,-0.201,-0.23,9.13%
"Jun 04, 2019",-0.20800000000000002,-0.201,-0.2,-0.21899999999999997,3.48%
"Jun 03, 2019",-0.201,-0.20600000000000002,-0.192,-0.21899999999999997,-0.99%
"May 31, 2019",-0.203,-0.191,-0.188,-0.213,16.00%
"May 30, 2019",-0.175,-0.161,-0.14800000000000002,-0.179,-0.57%
"May 29, 2019",-0.17600000000000002,-0.161,-0.157,-0.179,10.00%
"May 28, 2019",-0.16,-0.14,-0.135,-0.16399999999999998,12.68%
"May 27, 2019",-0.142,-0.114,-0.11,-0.147,22.41%
"May 25, 2019",-0.11599999999999999,-0.111,-0.111,-0.11699999999999999,0.00%
"May 24, 2019",-0.11599999999999999,-0.113,-0.10400000000000001,-0.122,-3.33%
"May 23, 2019",-0.12,-0.09699999999999999,-0.086,-0.121,44.58%
"May 22, 2019",-0.083,-0.065,-0.057999999999999996,-0.08900000000000001,43.10%
"May 21, 2019",-0.057999999999999996,-0.08199999999999999,-0.051,-0.09300000000000001,-34.09%
"May 20, 2019",-0.08800000000000001,-0.09699999999999999,-0.07200000000000001,-0.106,-14.56%
"May 17, 2019",-0.10300000000000001,-0.111,-0.08900000000000001,-0.129,11.96%
"May 16, 2019",-0.092,-0.10800000000000001,-0.083,-0.12,-7.07%
"May 15, 2019",-0.099,-0.07400000000000001,-0.069,-0.132,41.43%
"May 14, 2019",-0.07,-0.059000000000000004,-0.052000000000000005,-0.083,-2.78%
"May 13, 2019",-0.07200000000000001,-0.049,-0.034,-0.075,46.94%
"May 11, 2019",-0.049,-0.049,-0.049,-0.049,11.36%
"May 10, 2019",-0.044000000000000004,-0.051,-0.024,-0.054000000000000006,-8.33%
"May 09, 2019",-0.048,-0.046,-0.039,-0.069,4.35%
"May 08, 2019",-0.046,-0.028999999999999998,-0.023,-0.063,15.00%
"May 07, 2019",-0.04,0.004,0.025,-0.04,-766.67%
"May 06, 2019",0.006,-0.003,0.02,-0.008,-66.67%
"May 04, 2019",0.018000000000000002,0.018000000000000002,0.018000000000000002,0.018000000000000002,-25.00%
"May 03, 2019",0.024,0.027999999999999997,0.05,0.009000000000000001,-17.24%
"May 02, 2019",0.028999999999999998,0.03,0.042,0.004,123.08%
"May 01, 2019",0.013000000000000001,0.013000000000000001,0.013000000000000001,0.013000000000000001,0.00%
"Apr 30, 2019",0.013000000000000001,-0.005,0.051,-0.01,225.00%
"Apr 29, 2019",0.004,-0.012,0.017,-0.015,-119.05%
"Apr 26, 2019",-0.021,-0.012,-0.003,-0.027000000000000003,133.33%
"Apr 25, 2019",-0.009000000000000001,-0.011000000000000001,0.0,-0.019,-30.77%
"Apr 24, 2019",-0.013000000000000001,0.023,0.036000000000000004,-0.018000000000000002,-132.50%
"Apr 23, 2019",0.04,0.033,0.057999999999999996,0.027999999999999997,66.67%
"Apr 22, 2019",0.024,0.024,0.024,0.024,4.35%
"Apr 19, 2019",0.023,0.024,0.024,0.023,0.00%
"Apr 18, 2019",0.023,0.076,0.085,0.017,-71.60%
"Apr 17, 2019",0.081,0.086,0.102,0.07200000000000001,24.62%
"Apr 16, 2019",0.065,0.06,0.073,0.037000000000000005,14.04%
"Apr 15, 2019",0.057,0.057999999999999996,0.08,0.048,0.00%
"Apr 12, 2019",0.057,-0.01,0.061,-0.024,-812.50%
"Apr 11, 2019",-0.008,-0.026000000000000002,-0.004,-0.032,-69.23%
"Apr 10, 2019",-0.026000000000000002,-0.01,0.002,-0.039,188.89%
"Apr 09, 2019",-0.009000000000000001,0.009000000000000001,0.021,-0.015,-250.00%
"Apr 08, 2019",0.006,-0.002,0.012,-0.006999999999999999,0.00%
"Apr 05, 2019",0.006,0.016,0.024,-0.006999999999999999,-200.00%
"Apr 04, 2019",-0.006,0.006,0.006999999999999999,-0.016,-175.00%
"Apr 03, 2019",0.008,-0.023,0.013000000000000001,-0.024,-116.33%
"Apr 02, 2019",-0.049,-0.037000000000000005,-0.024,-0.055,81.48%
"Apr 01, 2019",-0.027000000000000003,-0.049,-0.018000000000000002,-0.053,-60.29%
"Mar 30, 2019",-0.068,-0.068,-0.068,-0.068,-4.23%
"Mar 29, 2019",-0.071,-0.061,-0.045,-0.075,0.00%
"Mar 28, 2019",-0.071,-0.087,-0.059000000000000004,-0.092,-12.35%
"Mar 27, 2019",-0.081,-0.031,-0.028999999999999998,-0.094,440.00%
"Mar 26, 2019",-0.015,-0.013999999999999999,-0.004,-0.032,-46.43%
"Mar 25, 2019",-0.027999999999999997,-0.02,0.004,-0.032,133.33%
"Mar 22, 2019",-0.012,0.049,0.054000000000000006,-0.033,-128.57%
"Mar 21, 2019",0.042,0.069,0.07200000000000001,0.034,-49.40%
"Mar 20, 2019",0.083,0.102,0.111,0.076,-17.82%
"Mar 19, 2019",0.10099999999999999,0.08199999999999999,0.124,0.07400000000000001,18.82%
"Mar 18, 2019",0.085,0.086,0.102,0.07200000000000001,1.19%
"Mar 16, 2019",0.084,0.084,0.084,0.084,1.20%
"Mar 15, 2019",0.083,0.077,0.10400000000000001,0.066,-2.35%
"Mar 14, 2019",0.085,0.078,0.096,0.066,34.92%
"Mar 13, 2019",0.063,0.055,0.076,0.054000000000000006,16.67%
"Mar 12, 2019",0.054000000000000006,0.08,0.107,0.052000000000000005,-19.40%
"Mar 11, 2019",0.067,0.065,0.078,0.055,-5.63%
"Mar 09, 2019",0.071,0.071,0.071,0.071,0.00%
"Mar 08, 2019",0.071,0.06,0.079,0.048,7.58%
"Mar 07, 2019",0.066,0.12300000000000001,0.139,0.061,-48.44%
"Mar 06, 2019",0.128,0.17,0.17,0.12300000000000001,-23.35%
"Mar 05, 2019",0.16699999999999998,0.166,0.187,0.158,1.83%
"Mar 04, 2019",0.16399999999999998,0.193,0.195,0.154,-13.23%
"Mar 02, 2019",0.18899999999999997,0.18899999999999997,0.18899999999999997,0.18899999999999997,2.72%
"Mar 01, 2019",0.184,0.18899999999999997,0.20800000000000002,0.179,1.10%
"Feb 28, 2019",0.182,0.146,0.195,0.138,22.97%
"Feb 27, 2019",0.14800000000000002,0.11,0.168,0.10300000000000001,24.37%
"Feb 26, 2019",0.11900000000000001,0.10400000000000001,0.127,0.091,9.17%
"Feb 25, 2019",0.109,0.1,0.12300000000000001,0.1,15.96%
"Feb 22, 2019",0.094,0.125,0.127,0.092,-27.13%
"Feb 21, 2019",0.129,0.105,0.146,0.098,30.30%
"Feb 20, 2019",0.099,0.10400000000000001,0.11199999999999999,0.08900000000000001,-5.71%
"Feb 19, 2019",0.105,0.107,0.11900000000000001,0.084,-6.25%
"Feb 18, 2019",0.11199999999999999,0.10400000000000001,0.11800000000000001,0.09699999999999999,13.13%
"Feb 16, 2019",0.099,0.099,0.099,0.099,-4.81%
"Feb 15, 2019",0.10400000000000001,0.10099999999999999,0.11699999999999999,0.092,-0.95%
"Feb 14, 2019",0.105,0.133,0.133,0.086,-14.63%
"Feb 13, 2019",0.12300000000000001,0.14,0.145,0.11900000000000001,-6.82%
"Feb 12, 2019",0.132,0.128,0.146,0.11800000000000001,10.92%
"Feb 11, 2019",0.11900000000000001,0.094,0.122,0.09,35.23%
"Feb 08, 2019",0.08800000000000001,0.10300000000000001,0.11800000000000001,0.077,-24.14%
"Feb 07, 2019",0.11599999999999999,0.158,0.166,0.105,-28.40%
"Feb 06, 2019",0.162,0.166,0.175,0.154,-4.71%
"Feb 05, 2019",0.17,0.174,0.20600000000000002,0.16399999999999998,-3.41%
"Feb 04, 2019",0.17600000000000002,0.168,0.185,0.16,6.02%
"Feb 01, 2019",0.166,0.151,0.17,0.147,11.41%
"Jan 31, 2019",0.149,0.172,0.183,0.14800000000000002,-21.16%
"Jan 30, 2019",0.18899999999999997,0.196,0.20600000000000002,0.185,-5.03%
"Jan 29, 2019",0.19899999999999998,0.21,0.215,0.196,-2.93%
"Jan 28, 2019",0.205,0.18600000000000005,0.225,0.18600000000000005,7.89%
"Jan 26, 2019",0.19,0.19,0.19,0.19,-1.04%
"Jan 25, 2019",0.192,0.18600000000000005,0.205,0.177,6.67%
"Jan 24, 2019",0.18,0.225,0.22899999999999998,0.17800000000000002,-19.64%
"Jan 23, 2019",0.22399999999999998,0.235,0.249,0.218,-4.68%
"Jan 22, 2019",0.235,0.248,0.261,0.225,-7.48%
"Jan 21, 2019",0.254,0.255,0.264,0.247,-3.42%
"Jan 18, 2019",0.263,0.24600000000000002,0.276,0.24,8.23%
"Jan 17, 2019",0.243,0.218,0.24600000000000002,0.205,8.48%
"Jan 16, 2019",0.22399999999999998,0.20800000000000002,0.239,0.207,7.69%
"Jan 15, 2019",0.20800000000000002,0.239,0.24100000000000002,0.19899999999999998,-10.73%
"Jan 14, 2019",0.233,0.239,0.239,0.204,27.32%
"Jan 11, 2019",0.183,0.193,0.19899999999999998,0.16699999999999998,-7.11%
"Jan 10, 2019",0.19699999999999998,0.201,0.213,0.185,-10.05%
"Jan 09, 2019",0.21899999999999997,0.225,0.247,0.204,-3.10%
"Jan 08, 2019",0.226,0.221,0.247,0.218,2.26%
"Jan 07, 2019",0.221,0.215,0.22399999999999998,0.19,7.28%
"Jan 04, 2019",0.20600000000000002,0.163,0.221,0.159,35.53%
"Jan 03, 2019",0.152,0.152,0.18899999999999997,0.146,-7.88%
"Jan 02, 2019",0.165,0.22699999999999998,0.231,0.14800000000000002,-31.82%
"Jan 01, 2019",0.242,0.242,0.242,0.242,-1.63%
"Dec 31, 2018",0.24600000000000002,0.243,0.24600000000000002,0.243,5.13%
"Dec 28, 2018",0.23399999999999999,0.23600000000000002,0.25,0.221,4.00%
"Dec 27, 2018",0.225,0.251,0.251,0.218,-10.00%
"Dec 26, 2018",0.25,0.25,0.25,0.25,0.81%
"Dec 25, 2018",0.248,0.25,0.25,0.248,-0.40%
"Dec 24, 2018",0.249,0.249,0.249,0.249,-0.40%
"Dec 21, 2018",0.25,0.253,0.255,0.23600000000000002,7.76%
"Dec 20, 2018",0.23199999999999998,0.22399999999999998,0.244,0.203,-3.73%
"Dec 19, 2018",0.24100000000000002,0.242,0.254,0.233,-0.82%
"Dec 18, 2018",0.243,0.24600000000000002,0.254,0.22899999999999998,-5.45%
"Dec 17, 2018",0.257,0.264,0.271,0.247,0.39%
"Dec 14, 2018",0.256,0.268,0.272,0.24600000000000002,-10.18%
"Dec 13, 2018",0.285,0.27899999999999997,0.298,0.255,2.89%
"Dec 12, 2018",0.27699999999999997,0.242,0.28,0.22899999999999998,18.88%
"Dec 11, 2018",0.233,0.255,0.27699999999999997,0.22399999999999998,-5.28%
"Dec 10, 2018",0.24600000000000002,0.235,0.267,0.23199999999999998,-1.99%
"Dec 07, 2018",0.251,0.248,0.27,0.235,6.36%
"Dec 06, 2018",0.23600000000000002,0.252,0.271,0.22399999999999998,-14.49%
"Dec 05, 2018",0.276,0.253,0.278,0.242,5.34%
"Dec 04, 2018",0.262,0.27899999999999997,0.301,0.261,-14.10%
"Dec 03, 2018",0.305,0.33799999999999997,0.34700000000000003,0.304,-5.28%
"Dec 01, 2018",0.322,0.322,0.322,0.322,2.22%
"Nov 30, 2018",0.315,0.32299999999999995,0.32899999999999996,0.305,-1.87%
"Nov 29, 2018",0.321,0.345,0.345,0.316,-7.76%
"Nov 28, 2018",0.348,0.34600000000000003,0.358,0.332,-0.85%
"Nov 27, 2018",0.35100000000000003,0.34700000000000003,0.359,0.33,-3.04%
"Nov 26, 2018",0.36200000000000004,0.35,0.371,0.345,6.47%
"Nov 23, 2018",0.34,0.366,0.38,0.331,-8.11%
"Nov 22, 2018",0.37,0.37,0.37799999999999995,0.353,-1.86%
"Nov 21, 2018",0.377,0.36200000000000004,0.381,0.359,7.71%
"Nov 20, 2018",0.35,0.371,0.377,0.341,-5.91%
"Nov 19, 2018",0.3720000000000001,0.37,0.39799999999999996,0.368,1.36%
"Nov 16, 2018",0.3670000000000001,0.369,0.376,0.36,1.94%
"Nov 15, 2018",0.36,0.402,0.40700000000000003,0.348,-9.77%
"Nov 14, 2018",0.39899999999999997,0.391,0.415,0.38299999999999995,-2.68%
"Nov 13, 2018",0.41,0.39799999999999996,0.41200000000000003,0.382,2.50%
"Nov 12, 2018",0.4,0.414,0.41600000000000004,0.37799999999999995,-1.96%
"Nov 11, 2018",0.408,0.408,0.408,0.408,0.25%
"Nov 09, 2018",0.40700000000000003,0.446,0.447,0.406,-11.33%
"Nov 08, 2018",0.45899999999999996,0.45899999999999996,0.469,0.445,2.68%
"Nov 07, 2018",0.447,0.426,0.45899999999999996,0.41700000000000004,3.47%
"Nov 06, 2018",0.4320000000000001,0.428,0.4370000000000001,0.405,1.65%
"Nov 05, 2018",0.425,0.435,0.43799999999999994,0.41200000000000003,-0.23%
"Nov 02, 2018",0.426,0.39899999999999997,0.44,0.39899999999999997,6.50%
"Nov 01, 2018",0.4,0.387,0.42200000000000004,0.385,3.63%
"Oct 31, 2018",0.386,0.392,0.40299999999999997,0.377,4.61%
"Oct 30, 2018",0.369,0.38,0.40700000000000003,0.366,-3.15%
"Oct 29, 2018",0.381,0.35700000000000004,0.39899999999999997,0.34700000000000003,6.72%
"Oct 26, 2018",0.35700000000000004,0.38,0.38799999999999996,0.33899999999999997,-10.53%
"Oct 25, 2018",0.39899999999999997,0.382,0.415,0.37799999999999995,1.01%
"Oct 24, 2018",0.395,0.42,0.423,0.385,-3.66%
"Oct 23, 2018",0.41,0.431,0.442,0.402,-8.69%
"Oct 22, 2018",0.449,0.46299999999999997,0.48200000000000004,0.4370000000000001,1.13%
"Oct 20, 2018",0.444,0.444,0.444,0.444,-3.27%
"Oct 19, 2018",0.45899999999999996,0.41700000000000004,0.465,0.389,10.87%
"Oct 18, 2018",0.414,0.47600000000000003,0.484,0.41200000000000003,-10.58%
"Oct 17, 2018",0.46299999999999997,0.48700000000000004,0.489,0.45,-5.70%
"Oct 16, 2018",0.491,0.506,0.518,0.48200000000000004,-1.60%
"Oct 15, 2018",0.499,0.491,0.51,0.478,0.20%
"Oct 12, 2018",0.498,0.529,0.545,0.494,-4.41%
"Oct 11, 2018",0.521,0.502,0.534,0.491,-6.13%
"Oct 10, 2018",0.555,0.534,0.581,0.53,0.73%
"Oct 09, 2018",0.551,0.5479999999999999,0.5710000000000001,0.531,4.55%
"Oct 08, 2018",0.527,0.57,0.5760000000000001,0.521,-8.67%
"Oct 05, 2018",0.5770000000000001,0.535,0.578,0.53,8.87%
"Oct 04, 2018",0.53,0.551,0.551,0.504,11.34%
"Oct 03, 2018",0.47600000000000003,0.457,0.483,0.433,12.53%
"Oct 02, 2018",0.423,0.47200000000000003,0.47200000000000003,0.409,-10.95%
"Oct 01, 2018",0.475,0.475,0.508,0.46799999999999997,0.64%
"Sep 28, 2018",0.47200000000000003,0.491,0.505,0.447,-10.44%
"Sep 27, 2018",0.527,0.4920000000000001,0.5329999999999999,0.478,0.57%
"Sep 26, 2018",0.524,0.539,0.542,0.523,-3.32%
"Sep 25, 2018",0.542,0.518,0.55,0.518,6.48%
"Sep 24, 2018",0.509,0.46,0.514,0.451,10.41%
"Sep 21, 2018",0.461,0.47700000000000004,0.485,0.45399999999999996,-2.33%
"Sep 20, 2018",0.47200000000000003,0.48,0.506,0.47200000000000003,-3.48%
"Sep 19, 2018",0.489,0.485,0.502,0.47,1.45%
"Sep 18, 2018",0.48200000000000004,0.455,0.485,0.442,5.24%
"Sep 17, 2018",0.45799999999999996,0.442,0.473,0.44,10.63%
"Sep 16, 2018",0.414,0.415,0.41600000000000004,0.409,-6.97%
"Sep 14, 2018",0.445,0.424,0.46,0.42100000000000004,4.95%
"Sep 13, 2018",0.424,0.409,0.44299999999999995,0.402,3.67%
"Sep 12, 2018",0.409,0.43,0.4320000000000001,0.39799999999999996,-4.88%
"Sep 11, 2018",0.43,0.41,0.441,0.406,6.70%
"Sep 10, 2018",0.40299999999999997,0.387,0.41700000000000004,0.375,3.07%
"Sep 07, 2018",0.391,0.358,0.396,0.35100000000000003,9.83%
"Sep 06, 2018",0.35600000000000004,0.38799999999999996,0.391,0.349,-6.81%
"Sep 05, 2018",0.382,0.35600000000000004,0.401,0.345,6.11%
"Sep 04, 2018",0.36,0.33899999999999997,0.363,0.33299999999999996,6.82%
"Sep 03, 2018",0.337,0.341,0.34700000000000003,0.314,1.81%
"Aug 31, 2018",0.331,0.35700000000000004,0.364,0.32799999999999996,-4.34%
"Aug 30, 2018",0.34600000000000003,0.405,0.41200000000000003,0.345,-14.78%
"Aug 29, 2018",0.406,0.382,0.414,0.373,6.56%
"Aug 28, 2018",0.381,0.373,0.397,0.359,0.79%
"Aug 27, 2018",0.37799999999999995,0.33799999999999997,0.382,0.324,8.00%
"Aug 25, 2018",0.35,0.35,0.35,0.35,1.74%
"Aug 24, 2018",0.344,0.34700000000000003,0.364,0.33799999999999997,0.88%
"Aug 23, 2018",0.341,0.33899999999999997,0.35600000000000004,0.337,-1.16%
"Aug 22, 2018",0.345,0.324,0.35700000000000004,0.319,2.99%
"Aug 21, 2018",0.335,0.31,0.335,0.3,9.48%
"Aug 20, 2018",0.306,0.302,0.32,0.298,-1.92%
"Aug 18, 2018",0.312,0.312,0.312,0.312,1.96%
"Aug 17, 2018",0.306,0.312,0.318,0.287,-4.37%
"Aug 16, 2018",0.32,0.313,0.322,0.301,4.92%
"Aug 15, 2018",0.305,0.324,0.33899999999999997,0.29,-7.01%
"Aug 14, 2018",0.32799999999999996,0.32299999999999995,0.33899999999999997,0.316,4.79%
"Aug 13, 2018",0.313,0.318,0.331,0.301,-2.49%
"Aug 10, 2018",0.321,0.36,0.36,0.316,-14.85%
"Aug 09, 2018",0.377,0.39799999999999996,0.401,0.3720000000000001,-5.51%
"Aug 08, 2018",0.39899999999999997,0.409,0.419,0.396,-2.68%
"Aug 07, 2018",0.41,0.4,0.41700000000000004,0.387,4.59%
"Aug 06, 2018",0.392,0.414,0.4270000000000001,0.386,-3.92%
"Aug 04, 2018",0.408,0.408,0.408,0.408,-0.49%
"Aug 03, 2018",0.41,0.452,0.46,0.406,-11.06%
"Aug 02, 2018",0.461,0.475,0.48200000000000004,0.446,-3.56%
"Aug 01, 2018",0.478,0.455,0.495,0.455,7.42%
"Jul 31, 2018",0.445,0.41700000000000004,0.456,0.409,-0.45%
"Jul 30, 2018",0.447,0.406,0.461,0.39299999999999996,11.75%
"Jul 28, 2018",0.4,0.4,0.4,0.4,-1.23%
"Jul 27, 2018",0.405,0.413,0.418,0.397,-0.49%
"Jul 26, 2018",0.40700000000000003,0.42,0.424,0.389,2.78%
"Jul 25, 2018",0.396,0.38799999999999996,0.39799999999999996,0.38,-0.50%
"Jul 24, 2018",0.39799999999999996,0.405,0.424,0.389,-2.45%
"Jul 23, 2018",0.408,0.381,0.41,0.371,9.38%
"Jul 20, 2018",0.373,0.332,0.377,0.313,12.35%
"Jul 19, 2018",0.332,0.355,0.361,0.32899999999999996,-3.21%
"Jul 18, 2018",0.34299999999999997,0.354,0.355,0.324,-0.87%
"Jul 17, 2018",0.34600000000000003,0.364,0.37,0.344,13.82%
"Jul 16, 2018",0.304,0.282,0.316,0.28,7.04%
"Jul 13, 2018",0.284,0.301,0.302,0.263,-4.05%
"Jul 12, 2018",0.29600000000000004,0.315,0.317,0.289,-4.82%
"Jul 11, 2018",0.311,0.303,0.319,0.292,-2.51%
"Jul 10, 2018",0.319,0.312,0.33,0.306,5.63%
"Jul 09, 2018",0.302,0.297,0.324,0.295,2.03%
"Jul 06, 2018",0.29600000000000004,0.311,0.315,0.281,-0.34%
"Jul 05, 2018",0.297,0.321,0.34299999999999997,0.292,-2.94%
"Jul 04, 2018",0.306,0.3,0.313,0.28600000000000003,4.44%
"Jul 03, 2018",0.293,0.316,0.331,0.289,-3.93%
"Jul 02, 2018",0.305,0.302,0.315,0.284,0.66%
"Jun 29, 2018",0.303,0.33899999999999997,0.354,0.3,-5.02%
"Jun 28, 2018",0.319,0.316,0.332,0.299,-1.54%
"Jun 27, 2018",0.324,0.336,0.341,0.305,-5.26%
"Jun 26, 2018",0.342,0.33399999999999996,0.359,0.317,4.59%
"Jun 25, 2018",0.327,0.319,0.34299999999999997,0.304,-2.68%
"Jun 23, 2018",0.336,0.336,0.336,0.336,0.00%
"Jun 22, 2018",0.336,0.331,0.35600000000000004,0.326,0.60%
"Jun 21, 2018",0.33399999999999996,0.38799999999999996,0.38799999999999996,0.317,-11.41%
"Jun 20, 2018",0.377,0.384,0.38799999999999996,0.36200000000000004,1.07%
"Jun 19, 2018",0.373,0.389,0.389,0.35,-6.75%
"Jun 18, 2018",0.4,0.396,0.409,0.381,-0.50%
"Jun 16, 2018",0.402,0.402,0.402,0.402,-0.25%
"Jun 15, 2018",0.40299999999999997,0.425,0.428,0.376,-6.50%
"Jun 14, 2018",0.431,0.48100000000000004,0.513,0.423,-10.95%
"Jun 13, 2018",0.484,0.493,0.4970000000000001,0.462,-1.22%
"Jun 12, 2018",0.49,0.495,0.519,0.486,-0.81%
"Jun 11, 2018",0.494,0.475,0.508,0.461,10.76%
"Jun 08, 2018",0.446,0.451,0.462,0.397,-6.69%
"Jun 07, 2018",0.478,0.483,0.517,0.478,3.02%
"Jun 06, 2018",0.46399999999999997,0.401,0.46799999999999997,0.386,19.90%
"Jun 05, 2018",0.387,0.418,0.418,0.361,-7.86%
"Jun 04, 2018",0.42,0.391,0.424,0.382,9.09%
"Jun 01, 2018",0.385,0.366,0.41,0.353,13.24%
"May 31, 2018",0.34,0.35700000000000004,0.41200000000000003,0.322,-8.11%
"May 30, 2018",0.37,0.29,0.373,0.282,43.97%
"May 29, 2018",0.257,0.34299999999999997,0.34299999999999997,0.192,-25.51%
"May 28, 2018",0.345,0.44,0.461,0.33899999999999997,-15.02%
"May 25, 2018",0.406,0.474,0.479,0.386,-13.62%
"May 24, 2018",0.47,0.51,0.5329999999999999,0.461,-7.11%
"May 23, 2018",0.506,0.547,0.551,0.496,-9.64%
"May 22, 2018",0.56,0.523,0.573,0.523,7.49%
"May 21, 2018",0.521,0.581,0.581,0.518,-8.60%
"May 20, 2018",0.57,0.57,0.57,0.57,-1.04%
"May 18, 2018",0.5760000000000001,0.637,0.639,0.573,-9.58%
"May 17, 2018",0.637,0.636,0.647,0.598,5.12%
"May 16, 2018",0.606,0.635,0.639,0.589,-6.34%
"May 15, 2018",0.647,0.617,0.65,0.613,5.72%
"May 14, 2018",0.612,0.557,0.619,0.551,9.48%
"May 11, 2018",0.5589999999999999,0.556,0.569,0.541,0.18%
"May 10, 2018",0.5579999999999999,0.557,0.565,0.5329999999999999,-0.36%
"May 09, 2018",0.56,0.5670000000000001,0.586,0.5579999999999999,-0.18%
"May 08, 2018",0.561,0.532,0.565,0.528,5.85%
"May 07, 2018",0.53,0.544,0.544,0.518,-2.75%
"May 04, 2018",0.545,0.5379999999999999,0.547,0.522,2.06%
"May 03, 2018",0.534,0.578,0.5920000000000001,0.525,-8.25%
"May 02, 2018",0.5820000000000001,0.5710000000000001,0.59,0.568,3.56%
"Apr 30, 2018",0.562,0.578,0.593,0.557,-1.40%
"Apr 27, 2018",0.57,0.5920000000000001,0.5920000000000001,0.564,-4.20%
"Apr 26, 2018",0.595,0.633,0.636,0.585,-6.00%
"Apr 25, 2018",0.633,0.628,0.655,0.625,0.64%
"Apr 24, 2018",0.629,0.626,0.655,0.61,-0.94%
"Apr 23, 2018",0.635,0.613,0.639,0.61,7.63%
"Apr 20, 2018",0.59,0.588,0.613,0.58,-1.34%
"Apr 19, 2018",0.598,0.5379999999999999,0.604,0.5379999999999999,12.41%
"Apr 18, 2018",0.532,0.513,0.535,0.496,4.93%
"Apr 17, 2018",0.507,0.527,0.539,0.506,-3.24%
"Apr 16, 2018",0.524,0.516,0.551,0.515,2.34%
"Apr 14, 2018",0.512,0.511,0.512,0.511,0.20%
"Apr 13, 2018",0.511,0.512,0.537,0.506,-0.78%
"Apr 12, 2018",0.515,0.502,0.518,0.493,2.79%
"Apr 11, 2018",0.501,0.515,0.516,0.483,-2.91%
"Apr 10, 2018",0.516,0.507,0.529,0.488,2.18%
"Apr 09, 2018",0.505,0.5,0.512,0.494,1.00%
"Apr 06, 2018",0.5,0.516,0.52,0.4920000000000001,-4.94%
"Apr 05, 2018",0.526,0.51,0.5379999999999999,0.508,4.78%
"Apr 04, 2018",0.502,0.509,0.511,0.479,0.00%
"Apr 03, 2018",0.502,0.48,0.521,0.479,1.62%
"Mar 30, 2018",0.494,0.4970000000000001,0.4970000000000001,0.494,0.20%
"Mar 29, 2018",0.493,0.505,0.513,0.49,-1.99%
"Mar 28, 2018",0.503,0.496,0.506,0.473,0.20%
"Mar 27, 2018",0.502,0.532,0.539,0.5,-3.83%
"Mar 26, 2018",0.522,0.531,0.5479999999999999,0.52,-1.14%
"Mar 24, 2018",0.528,0.525,0.528,0.525,0.57%
"Mar 23, 2018",0.525,0.525,0.55,0.517,-0.76%
"Mar 22, 2018",0.529,0.579,0.5820000000000001,0.516,-10.64%
"Mar 21, 2018",0.5920000000000001,0.5870000000000001,0.604,0.58,1.37%
"Mar 20, 2018",0.584,0.5770000000000001,0.5920000000000001,0.574,2.64%
"Mar 19, 2018",0.569,0.5710000000000001,0.607,0.563,-0.35%
"Mar 16, 2018",0.5710000000000001,0.5670000000000001,0.585,0.5589999999999999,-0.52%
"Mar 15, 2018",0.574,0.594,0.597,0.5660000000000001,-3.04%
"Mar 14, 2018",0.5920000000000001,0.61,0.63,0.583,-4.52%
"Mar 13, 2018",0.62,0.629,0.64,0.608,-2.36%
"Mar 12, 2018",0.635,0.655,0.657,0.623,-1.40%
"Mar 09, 2018",0.644,0.637,0.66,0.631,2.22%
"Mar 08, 2018",0.63,0.667,0.703,0.626,-3.67%
"Mar 07, 2018",0.654,0.6609999999999999,0.6759999999999999,0.647,-3.25%
"Mar 06, 2018",0.6759999999999999,0.662,0.7020000000000001,0.64,4.64%
"Mar 05, 2018",0.6459999999999999,0.618,0.6459999999999999,0.596,-0.15%
"Mar 02, 2018",0.647,0.63,0.653,0.606,0.78%
"Mar 01, 2018",0.642,0.655,0.6579999999999999,0.621,-1.83%
"Feb 28, 2018",0.654,0.677,0.6890000000000001,0.654,-3.40%
"Feb 27, 2018",0.677,0.6629999999999999,0.685,0.653,3.68%
"Feb 26, 2018",0.653,0.644,0.6709999999999999,0.639,-0.15%
"Feb 23, 2018",0.654,0.7070000000000001,0.7070000000000001,0.6509999999999999,-7.63%
"Feb 22, 2018",0.708,0.7490000000000001,0.75,0.698,-2.07%
"Feb 21, 2018",0.723,0.7290000000000001,0.7290000000000001,0.6970000000000001,-1.90%
"Feb 20, 2018",0.737,0.747,0.764,0.716,0.41%
"Feb 19, 2018",0.7340000000000001,0.721,0.743,0.716,3.82%
"Feb 18, 2018",0.7070000000000001,0.7070000000000001,0.7070000000000001,0.7070000000000001,0.00%
"Feb 16, 2018",0.7070000000000001,0.774,0.779,0.6990000000000001,-7.58%
"Feb 15, 2018",0.765,0.772,0.7959999999999999,0.7509999999999999,0.66%
"Feb 14, 2018",0.76,0.738,0.774,0.7240000000000001,1.33%
"Feb 13, 2018",0.75,0.7509999999999999,0.757,0.718,-1.06%
"Feb 12, 2018",0.758,0.7509999999999999,0.7859999999999999,0.738,1.47%
"Feb 09, 2018",0.747,0.753,0.7759999999999999,0.723,-1.97%
"Feb 08, 2018",0.762,0.758,0.8079999999999999,0.738,2.42%
"Feb 07, 2018",0.7440000000000001,0.7070000000000001,0.748,0.6859999999999999,7.20%
"Feb 06, 2018",0.6940000000000001,0.7040000000000001,0.7170000000000001,0.664,-5.58%
"Feb 05, 2018",0.735,0.7709999999999999,0.774,0.72,-4.30%
"Feb 02, 2018",0.768,0.736,0.7709999999999999,0.7240000000000001,6.52%
"Feb 01, 2018",0.721,0.706,0.738,0.693,3.44%
"Jan 31, 2018",0.6970000000000001,0.682,0.6990000000000001,0.6559999999999999,1.75%
"Jan 30, 2018",0.685,0.698,0.7,0.6679999999999999,-0.87%
"Jan 29, 2018",0.691,0.654,0.7070000000000001,0.639,9.34%
"Jan 27, 2018",0.632,0.627,0.632,0.627,0.96%
"Jan 26, 2018",0.626,0.608,0.634,0.593,2.79%
"Jan 25, 2018",0.609,0.574,0.64,0.57,4.10%
"Jan 24, 2018",0.585,0.565,0.596,0.565,4.46%
"Jan 23, 2018",0.56,0.569,0.569,0.539,-1.23%
"Jan 22, 2018",0.5670000000000001,0.5770000000000001,0.591,0.561,-0.18%
"Jan 19, 2018",0.568,0.588,0.596,0.5589999999999999,-0.53%
"Jan 18, 2018",0.5710000000000001,0.575,0.595,0.5670000000000001,1.60%
"Jan 17, 2018",0.562,0.5589999999999999,0.565,0.547,0.54%
"Jan 16, 2018",0.5589999999999999,0.585,0.586,0.545,-4.77%
"Jan 15, 2018",0.5870000000000001,0.58,0.594,0.563,13.98%
"Jan 12, 2018",0.515,0.526,0.5429999999999999,0.507,-0.58%
"Jan 11, 2018",0.518,0.46,0.5329999999999999,0.447,9.51%
"Jan 10, 2018",0.473,0.473,0.486,0.45899999999999996,1.50%
"Jan 09, 2018",0.466,0.44,0.466,0.414,7.37%
"Jan 08, 2018",0.434,0.4370000000000001,0.457,0.409,-1.36%
"Jan 05, 2018",0.44,0.436,0.447,0.423,1.62%
"Jan 04, 2018",0.433,0.45299999999999996,0.46299999999999997,0.4320000000000001,-1.37%
"Jan 03, 2018",0.439,0.46399999999999997,0.47,0.426,-5.39%
"Jan 02, 2018",0.46399999999999997,0.4320000000000001,0.467,0.424,8.92%
"Jan 01, 2018",0.426,0.424,0.4270000000000001,0.424,-0.23%
"Dec 29, 2017",0.4270000000000001,0.426,0.442,0.41600000000000004,0.95%
"Dec 28, 2017",0.423,0.39,0.426,0.379,11.32%
"Dec 27, 2017",0.38,0.42100000000000004,0.424,0.377,-9.95%
"Dec 26, 2017",0.42200000000000004,0.42100000000000004,0.42200000000000004,0.42100000000000004,0.00%
"Dec 25, 2017",0.42200000000000004,0.42100000000000004,0.42200000000000004,0.418,0.00%
"Dec 22, 2017",0.42200000000000004,0.41200000000000003,0.4270000000000001,0.408,1.20%
"Dec 21, 2017",0.41700000000000004,0.418,0.4320000000000001,0.40299999999999997,3.22%
"Dec 20, 2017",0.40399999999999997,0.386,0.426,0.359,6.32%
"Dec 19, 2017",0.38,0.311,0.384,0.299,23.38%
"Dec 18, 2017",0.308,0.303,0.315,0.294,2.33%
"Dec 16, 2017",0.301,0.301,0.301,0.301,-0.33%
"Dec 15, 2017",0.302,0.306,0.31,0.287,-2.89%
"Dec 14, 2017",0.311,0.314,0.33899999999999997,0.303,-0.96%
"Dec 13, 2017",0.314,0.317,0.34,0.301,-1.26%
"Dec 12, 2017",0.318,0.294,0.32,0.289,8.53%
"Dec 11, 2017",0.293,0.306,0.312,0.276,-5.18%
"Dec 08, 2017",0.309,0.312,0.327,0.295,4.75%
"Dec 07, 2017",0.295,0.309,0.32,0.289,-0.34%
"Dec 06, 2017",0.29600000000000004,0.309,0.319,0.28800000000000003,-6.62%
"Dec 05, 2017",0.317,0.34,0.35200000000000004,0.317,-7.85%
"Dec 04, 2017",0.344,0.33799999999999997,0.34700000000000003,0.326,12.05%
"Dec 01, 2017",0.307,0.379,0.381,0.28600000000000003,-16.35%
"Nov 30, 2017",0.3670000000000001,0.384,0.415,0.36200000000000004,-5.17%
"Nov 29, 2017",0.387,0.35,0.397,0.345,13.82%
"Nov 28, 2017",0.34,0.34,0.349,0.32899999999999996,-0.87%
"Nov 27, 2017",0.34299999999999997,0.366,0.37,0.335,-5.25%
"Nov 25, 2017",0.36200000000000004,0.361,0.36200000000000004,0.361,0.28%
"Nov 24, 2017",0.361,0.35700000000000004,0.381,0.35100000000000003,4.03%
"Nov 23, 2017",0.34700000000000003,0.35100000000000003,0.365,0.34600000000000003,-0.86%
"Nov 22, 2017",0.35,0.34,0.38299999999999995,0.336,-0.57%
"Nov 21, 2017",0.35200000000000004,0.366,0.368,0.335,-2.76%
"Nov 20, 2017",0.36200000000000004,0.353,0.3720000000000001,0.34600000000000003,0.00%
"Nov 17, 2017",0.36200000000000004,0.375,0.391,0.359,-3.47%
"Nov 16, 2017",0.375,0.375,0.39799999999999996,0.366,-0.27%
"Nov 15, 2017",0.376,0.38299999999999995,0.389,0.349,-5.53%
"Nov 14, 2017",0.39799999999999996,0.41700000000000004,0.431,0.392,-4.78%
"Nov 13, 2017",0.418,0.405,0.42100000000000004,0.384,1.95%
"Nov 10, 2017",0.41,0.39899999999999997,0.414,0.385,9.63%
"Nov 09, 2017",0.374,0.33299999999999996,0.391,0.325,13.68%
"Nov 08, 2017",0.32899999999999996,0.33299999999999996,0.33799999999999997,0.308,-0.30%
"Nov 07, 2017",0.33,0.348,0.35700000000000004,0.326,-2.08%
"Nov 06, 2017",0.337,0.36,0.365,0.331,-7.42%
"Nov 03, 2017",0.364,0.37,0.375,0.353,-1.89%
"Nov 02, 2017",0.371,0.37799999999999995,0.4,0.3670000000000001,0.27%
"Nov 01, 2017",0.37,0.3720000000000001,0.39,0.361,1.65%
"Oct 31, 2017",0.364,0.363,0.386,0.359,-1.09%
"Oct 30, 2017",0.368,0.386,0.39899999999999997,0.363,-5.88%
"Oct 29, 2017",0.391,0.391,0.391,0.391,1.82%
"Oct 27, 2017",0.384,0.43,0.44,0.382,-7.91%
"Oct 26, 2017",0.41700000000000004,0.475,0.489,0.415,-13.31%
"Oct 25, 2017",0.48100000000000004,0.479,0.502,0.461,0.63%
"Oct 24, 2017",0.478,0.435,0.485,0.4320000000000001,10.14%
"Oct 23, 2017",0.434,0.446,0.449,0.4270000000000001,-3.34%
"Oct 22, 2017",0.449,0.449,0.449,0.449,0.00%
"Oct 21, 2017",0.449,0.45,0.45,0.449,-1.32%
"Oct 20, 2017",0.455,0.401,0.461,0.401,14.90%
"Oct 19, 2017",0.396,0.402,0.41100000000000003,0.3720000000000001,-2.46%
"Oct 18, 2017",0.406,0.366,0.406,0.35600000000000004,10.63%
"Oct 17, 2017",0.3670000000000001,0.379,0.387,0.35600000000000004,-0.81%
"Oct 16, 2017",0.37,0.405,0.41700000000000004,0.369,-8.64%
"Oct 13, 2017",0.405,0.449,0.449,0.401,-9.19%
"Oct 12, 2017",0.446,0.46,0.467,0.43799999999999994,-4.29%
"Oct 11, 2017",0.466,0.456,0.47,0.44799999999999995,5.43%
"Oct 10, 2017",0.442,0.451,0.467,0.4320000000000001,-0.45%
"Oct 09, 2017",0.444,0.46799999999999997,0.47,0.442,-3.48%
"Oct 06, 2017",0.46,0.44799999999999995,0.505,0.447,0.44%
"Oct 05, 2017",0.45799999999999996,0.457,0.47,0.42,1.10%
"Oct 04, 2017",0.45299999999999996,0.447,0.457,0.41,-2.16%
"Oct 03, 2017",0.46299999999999997,0.462,0.495,0.451,2.21%
"Oct 02, 2017",0.45299999999999996,0.47100000000000003,0.493,0.441,-2.37%
"Sep 29, 2017",0.46399999999999997,0.47200000000000003,0.48100000000000004,0.447,-2.52%
"Sep 28, 2017",0.47600000000000003,0.499,0.518,0.47,2.15%
"Sep 27, 2017",0.466,0.41700000000000004,0.488,0.413,14.50%
"Sep 26, 2017",0.40700000000000003,0.39799999999999996,0.42,0.396,1.50%
"Sep 25, 2017",0.401,0.444,0.45299999999999996,0.39399999999999996,-10.29%
"Sep 22, 2017",0.447,0.447,0.47,0.442,-1.54%
"Sep 21, 2017",0.45399999999999996,0.466,0.485,0.447,2.71%
"Sep 20, 2017",0.442,0.45,0.457,0.43,-1.78%
"Sep 19, 2017",0.45,0.45399999999999996,0.46299999999999997,0.431,-1.32%
"Sep 18, 2017",0.456,0.442,0.467,0.4270000000000001,5.56%
"Sep 15, 2017",0.4320000000000001,0.40299999999999997,0.456,0.401,4.10%
"Sep 14, 2017",0.415,0.408,0.4320000000000001,0.386,2.98%
"Sep 13, 2017",0.40299999999999997,0.384,0.413,0.38299999999999995,0.25%
"Sep 12, 2017",0.402,0.337,0.40700000000000003,0.335,19.29%
"Sep 11, 2017",0.337,0.32899999999999996,0.341,0.322,8.01%
"Sep 08, 2017",0.312,0.29,0.32799999999999996,0.287,2.30%
"Sep 07, 2017",0.305,0.36200000000000004,0.3670000000000001,0.297,-12.10%
"Sep 06, 2017",0.34700000000000003,0.32899999999999996,0.35600000000000004,0.324,3.58%
"Sep 05, 2017",0.335,0.368,0.385,0.332,-8.97%
"Sep 04, 2017",0.368,0.375,0.379,0.361,-2.90%
"Sep 01, 2017",0.379,0.358,0.40399999999999997,0.354,5.57%
"Aug 31, 2017",0.359,0.363,0.379,0.349,0.00%
"Aug 30, 2017",0.359,0.348,0.374,0.345,4.66%
"Aug 29, 2017",0.34299999999999997,0.36,0.364,0.316,-8.29%
"Aug 28, 2017",0.374,0.381,0.392,0.364,-1.58%
"Aug 25, 2017",0.38,0.384,0.408,0.37799999999999995,1.33%
"Aug 24, 2017",0.375,0.373,0.386,0.369,-0.53%
"Aug 23, 2017",0.377,0.40700000000000003,0.41600000000000004,0.37,-6.22%
"Aug 22, 2017",0.402,0.405,0.42100000000000004,0.396,-0.50%
"Aug 21, 2017",0.40399999999999997,0.42200000000000004,0.4270000000000001,0.392,-2.88%
"Aug 18, 2017",0.41600000000000004,0.415,0.418,0.395,-1.65%
"Aug 17, 2017",0.423,0.4270000000000001,0.446,0.42,-4.94%
"Aug 16, 2017",0.445,0.44,0.466,0.423,3.01%
"Aug 15, 2017",0.4320000000000001,0.4270000000000001,0.462,0.41600000000000004,6.67%
"Aug 14, 2017",0.405,0.391,0.43,0.391,5.19%
"Aug 11, 2017",0.385,0.39899999999999997,0.40700000000000003,0.3720000000000001,-7.00%
"Aug 10, 2017",0.414,0.43,0.44299999999999995,0.397,-2.59%
"Aug 09, 2017",0.425,0.462,0.465,0.415,-9.96%
"Aug 08, 2017",0.47200000000000003,0.46,0.479,0.452,3.06%
"Aug 07, 2017",0.45799999999999996,0.47,0.491,0.45399999999999996,-2.14%
"Aug 06, 2017",0.46799999999999997,0.46799999999999997,0.46799999999999997,0.46799999999999997,-0.64%
"Aug 04, 2017",0.47100000000000003,0.447,0.491,0.446,4.43%
"Aug 03, 2017",0.451,0.486,0.499,0.449,-7.58%
"Aug 02, 2017",0.488,0.494,0.503,0.47700000000000004,-0.20%
"Aug 01, 2017",0.489,0.54,0.557,0.485,-8.26%
"Jul 31, 2017",0.5329999999999999,0.529,0.563,0.528,-1.66%
"Jul 28, 2017",0.542,0.527,0.586,0.517,1.31%
"Jul 27, 2017",0.535,0.541,0.541,0.507,-4.29%
"Jul 26, 2017",0.5589999999999999,0.5529999999999999,0.568,0.542,-0.71%
"Jul 25, 2017",0.563,0.499,0.568,0.495,11.05%
"Jul 24, 2017",0.507,0.513,0.516,0.488,0.40%
"Jul 21, 2017",0.505,0.5329999999999999,0.534,0.496,-4.90%
"Jul 20, 2017",0.531,0.546,0.561,0.524,-1.85%
"Jul 19, 2017",0.541,0.562,0.564,0.531,-2.35%
"Jul 18, 2017",0.5539999999999999,0.5770000000000001,0.588,0.5489999999999999,-4.32%
"Jul 17, 2017",0.579,0.6,0.6,0.569,-2.53%
"Jul 16, 2017",0.594,0.594,0.594,0.594,0.00%
"Jul 14, 2017",0.594,0.59,0.6,0.5579999999999999,-1.66%
"Jul 13, 2017",0.604,0.5760000000000001,0.605,0.545,4.32%
"Jul 12, 2017",0.579,0.6409999999999999,0.643,0.5770000000000001,4.89%
"Jul 11, 2017",0.552,0.5489999999999999,0.573,0.545,1.66%
"Jul 10, 2017",0.5429999999999999,0.5720000000000001,0.5760000000000001,0.529,-5.07%
"Jul 08, 2017",0.5720000000000001,0.5710000000000001,0.5720000000000001,0.5710000000000001,-0.17%
"Jul 07, 2017",0.573,0.569,0.58,0.555,2.32%
"Jul 06, 2017",0.56,0.478,0.574,0.47200000000000003,19.40%
"Jul 05, 2017",0.469,0.48200000000000004,0.498,0.457,-1.26%
"Jul 04, 2017",0.475,0.46399999999999997,0.48100000000000004,0.451,0.21%
"Jul 03, 2017",0.474,0.489,0.493,0.439,1.50%
"Jul 02, 2017",0.467,0.467,0.467,0.467,0.00%
"Jul 01, 2017",0.467,0.467,0.467,0.467,0.43%
"Jun 30, 2017",0.465,0.46,0.48100000000000004,0.42100000000000004,3.10%
"Jun 29, 2017",0.451,0.374,0.457,0.374,22.55%
"Jun 28, 2017",0.368,0.375,0.41,0.327,0.00%
"Jun 27, 2017",0.368,0.249,0.371,0.237,50.82%
"Jun 26, 2017",0.244,0.259,0.263,0.22899999999999998,-5.43%
"Jun 25, 2017",0.258,0.258,0.258,0.258,0.78%
"Jun 23, 2017",0.256,0.254,0.267,0.249,0.79%
"Jun 22, 2017",0.254,0.261,0.27,0.243,-3.79%
"Jun 21, 2017",0.264,0.262,0.276,0.24100000000000002,1.93%
"Jun 20, 2017",0.259,0.284,0.28800000000000003,0.259,-8.48%
"Jun 19, 2017",0.28300000000000003,0.27899999999999997,0.298,0.272,2.17%
"Jun 18, 2017",0.27699999999999997,0.27699999999999997,0.27699999999999997,0.27699999999999997,0.00%
"Jun 17, 2017",0.27699999999999997,0.276,0.27699999999999997,0.276,0.00%
"Jun 16, 2017",0.27699999999999997,0.29100000000000004,0.318,0.27399999999999997,-3.15%
"Jun 15, 2017",0.28600000000000003,0.24100000000000002,0.299,0.23,25.99%
"Jun 14, 2017",0.22699999999999998,0.254,0.273,0.225,-14.66%
"Jun 13, 2017",0.266,0.25,0.28,0.249,8.57%
"Jun 12, 2017",0.245,0.266,0.27,0.243,-6.84%
"Jun 09, 2017",0.263,0.247,0.278,0.24600000000000002,2.73%
"Jun 08, 2017",0.256,0.264,0.29,0.244,-5.88%
"Jun 07, 2017",0.272,0.262,0.273,0.244,5.43%
"Jun 06, 2017",0.258,0.27899999999999997,0.28600000000000003,0.25,-10.10%
"Jun 05, 2017",0.287,0.27899999999999997,0.302,0.275,5.13%
"Jun 02, 2017",0.273,0.308,0.309,0.268,-11.36%
"Jun 01, 2017",0.308,0.307,0.32799999999999996,0.297,-0.96%
"May 31, 2017",0.311,0.292,0.317,0.28600000000000003,4.36%
"May 30, 2017",0.298,0.294,0.315,0.287,-1.00%
"May 29, 2017",0.301,0.33899999999999997,0.342,0.293,-9.61%
"May 26, 2017",0.33299999999999996,0.36200000000000004,0.369,0.322,-9.02%
"May 25, 2017",0.366,0.38299999999999995,0.39,0.358,-10.07%
"May 24, 2017",0.40700000000000003,0.40299999999999997,0.418,0.382,-1.21%
"May 23, 2017",0.41200000000000003,0.382,0.42200000000000004,0.3670000000000001,4.04%
"May 22, 2017",0.396,0.379,0.409,0.35200000000000004,5.32%
"May 19, 2017",0.376,0.353,0.382,0.349,9.62%
"May 18, 2017",0.34299999999999997,0.371,0.384,0.313,-9.26%
"May 17, 2017",0.37799999999999995,0.41,0.428,0.373,-12.30%
"May 16, 2017",0.431,0.41600000000000004,0.45,0.413,2.86%
"May 15, 2017",0.419,0.39899999999999997,0.428,0.39399999999999996,6.35%
"May 12, 2017",0.39399999999999996,0.428,0.43799999999999994,0.387,-8.58%
"May 11, 2017",0.431,0.436,0.461,0.41100000000000003,2.62%
"May 10, 2017",0.42,0.424,0.441,0.391,-2.55%
"May 09, 2017",0.431,0.423,0.447,0.42,2.86%
"May 08, 2017",0.419,0.43,0.43799999999999994,0.38299999999999995,-1.18%
"May 07, 2017",0.424,0.424,0.424,0.424,2.17%
"May 05, 2017",0.415,0.382,0.426,0.369,4.01%
"May 04, 2017",0.39899999999999997,0.342,0.39899999999999997,0.342,22.02%
"May 03, 2017",0.327,0.321,0.33399999999999996,0.311,-0.30%
"May 02, 2017",0.32799999999999996,0.33,0.348,0.321,3.14%
"May 01, 2017",0.318,0.319,0.319,0.318,-1.85%
"Apr 28, 2017",0.324,0.311,0.361,0.301,8.00%
"Apr 27, 2017",0.3,0.35600000000000004,0.374,0.292,-16.20%
"Apr 26, 2017",0.358,0.39399999999999996,0.39399999999999996,0.34600000000000003,-5.29%
"Apr 25, 2017",0.37799999999999995,0.337,0.39299999999999996,0.33299999999999996,13.86%
"Apr 24, 2017",0.332,0.35700000000000004,0.364,0.32299999999999995,31.23%
"Apr 22, 2017",0.253,0.253,0.253,0.253,0.00%
"Apr 21, 2017",0.253,0.231,0.257,0.228,2.02%
"Apr 20, 2017",0.248,0.19699999999999998,0.258,0.18899999999999997,19.81%
"Apr 19, 2017",0.207,0.168,0.213,0.16399999999999998,34.42%
"Apr 18, 2017",0.154,0.17600000000000002,0.201,0.153,-18.09%
"Apr 17, 2017",0.188,0.182,0.19399999999999998,0.162,0.00%
"Apr 14, 2017",0.188,0.182,0.19399999999999998,0.162,-0.53%
"Apr 13, 2017",0.18899999999999997,0.182,0.19399999999999998,0.162,-6.44%
"Apr 12, 2017",0.20199999999999999,0.204,0.22,0.187,-1.94%
"Apr 11, 2017",0.20600000000000002,0.19899999999999998,0.22899999999999998,0.192,-1.44%
"Apr 10, 2017",0.209,0.245,0.24600000000000002,0.20600000000000002,-8.33%
"Apr 07, 2017",0.228,0.23600000000000002,0.254,0.21600000000000005,-13.31%
"Apr 06, 2017",0.263,0.24,0.271,0.23800000000000002,1.15%
"Apr 05, 2017",0.26,0.252,0.28600000000000003,0.231,-0.76%
"Apr 04, 2017",0.262,0.271,0.27899999999999997,0.235,-6.09%
"Apr 03, 2017",0.27899999999999997,0.331,0.33799999999999997,0.275,-15.71%
"Mar 31, 2017",0.331,0.33799999999999997,0.345,0.321,-3.22%
"Mar 30, 2017",0.342,0.345,0.354,0.321,-1.16%
"Mar 29, 2017",0.34600000000000003,0.40700000000000003,0.41600000000000004,0.337,-11.05%
"Mar 28, 2017",0.389,0.41100000000000003,0.418,0.368,-3.95%
"Mar 27, 2017",0.405,0.38799999999999996,0.41,0.355,0.50%
"Mar 26, 2017",0.40299999999999997,0.40299999999999997,0.40299999999999997,0.40299999999999997,-0.74%
"Mar 24, 2017",0.406,0.4320000000000001,0.447,0.40299999999999997,-5.80%
"Mar 23, 2017",0.431,0.41100000000000003,0.435,0.387,5.90%
"Mar 22, 2017",0.40700000000000003,0.44,0.451,0.401,-11.33%
"Mar 21, 2017",0.45899999999999996,0.45399999999999996,0.488,0.4370000000000001,4.56%
"Mar 20, 2017",0.439,0.433,0.465,0.42200000000000004,1.15%
"Mar 18, 2017",0.434,0.434,0.434,0.434,-0.46%
"Mar 17, 2017",0.436,0.466,0.485,0.423,-2.90%
"Mar 16, 2017",0.449,0.385,0.469,0.384,8.45%
"Mar 15, 2017",0.414,0.452,0.461,0.408,-7.59%
"Mar 14, 2017",0.44799999999999995,0.486,0.51,0.441,-5.08%
"Mar 13, 2017",0.47200000000000003,0.48,0.495,0.442,-2.48%
"Mar 10, 2017",0.484,0.44,0.4970000000000001,0.43,13.88%
"Mar 09, 2017",0.425,0.377,0.433,0.36200000000000004,15.18%
"Mar 08, 2017",0.369,0.317,0.379,0.317,15.31%
"Mar 07, 2017",0.32,0.34,0.35,0.301,-5.88%
"Mar 06, 2017",0.34,0.34299999999999997,0.35,0.319,-4.23%
"Mar 03, 2017",0.355,0.301,0.363,0.294,9.23%
"Mar 02, 2017",0.325,0.28800000000000003,0.327,0.28,15.25%
"Mar 01, 2017",0.282,0.23199999999999998,0.29600000000000004,0.218,35.58%
"Feb 28, 2017",0.20800000000000002,0.214,0.231,0.195,4.52%
"Feb 27, 2017",0.19899999999999998,0.191,0.21100000000000002,0.185,9.34%
"Feb 24, 2017",0.182,0.225,0.23399999999999999,0.177,-21.55%
"Feb 23, 2017",0.23199999999999998,0.266,0.285,0.22699999999999998,-16.85%
"Feb 22, 2017",0.27899999999999997,0.318,0.319,0.23800000000000002,-7.31%
"Feb 21, 2017",0.301,0.301,0.33299999999999996,0.29600000000000004,1.35%
"Feb 20, 2017",0.297,0.318,0.325,0.29100000000000004,-1.66%
"Feb 17, 2017",0.302,0.355,0.364,0.292,-13.96%
"Feb 16, 2017",0.35100000000000003,0.373,0.38299999999999995,0.348,-6.15%
"Feb 15, 2017",0.374,0.36,0.39399999999999996,0.35700000000000004,1.91%
"Feb 14, 2017",0.3670000000000001,0.332,0.379,0.316,10.54%
"Feb 13, 2017",0.332,0.32799999999999996,0.34600000000000003,0.321,5.73%
"Feb 10, 2017",0.314,0.32299999999999995,0.34,0.314,0.32%
"Feb 09, 2017",0.313,0.305,0.32,0.289,5.74%
"Feb 08, 2017",0.29600000000000004,0.354,0.36200000000000004,0.289,-15.67%
"Feb 07, 2017",0.35100000000000003,0.342,0.397,0.335,-5.14%
"Feb 06, 2017",0.37,0.414,0.423,0.36,-10.19%
"Feb 03, 2017",0.41200000000000003,0.441,0.452,0.406,-3.29%
"Feb 02, 2017",0.426,0.451,0.47600000000000003,0.415,-9.17%
"Feb 01, 2017",0.469,0.457,0.483,0.449,7.32%
"Jan 31, 2017",0.4370000000000001,0.444,0.48700000000000004,0.431,-2.89%
"Jan 30, 2017",0.45,0.46299999999999997,0.496,0.431,-2.81%
"Jan 27, 2017",0.46299999999999997,0.485,0.485,0.45399999999999996,-4.34%
"Jan 26, 2017",0.484,0.486,0.503,0.45799999999999996,4.09%
"Jan 25, 2017",0.465,0.41,0.473,0.409,13.69%
"Jan 24, 2017",0.409,0.364,0.41200000000000003,0.361,12.36%
"Jan 23, 2017",0.364,0.39299999999999996,0.41700000000000004,0.35700000000000004,-13.95%
"Jan 20, 2017",0.423,0.36200000000000004,0.431,0.35600000000000004,11.02%
"Jan 19, 2017",0.381,0.369,0.401,0.365,6.72%
"Jan 18, 2017",0.35700000000000004,0.32,0.361,0.318,11.91%
"Jan 17, 2017",0.319,0.324,0.324,0.272,-1.54%
"Jan 16, 2017",0.324,0.306,0.341,0.306,-4.71%
"Jan 13, 2017",0.34,0.331,0.35700000000000004,0.302,8.28%
"Jan 12, 2017",0.314,0.313,0.332,0.289,25.10%
"Jan 11, 2017",0.251,0.28600000000000003,0.294,0.23800000000000002,-12.24%
"Jan 10, 2017",0.28600000000000003,0.278,0.299,0.267,2.88%
"Jan 09, 2017",0.278,0.299,0.326,0.268,-7.02%
"Jan 06, 2017",0.299,0.247,0.308,0.242,22.54%
"Jan 05, 2017",0.244,0.259,0.304,0.24,-11.59%
