"Datum","Zuletzt","Eröffn.","Hoch","Tief","Vol.","+/- %"
"09.04.2020","2.787,25","2.747,62","2.809,38","2.701,25","-","1,91%"
"08.04.2020","2.735,00","2.640,50","2.752,50","2.620,75","-","3,52%"
"07.04.2020","2.642,00","2.645,50","2.750,00","2.623,50","-","-0,09%"
"06.04.2020","2.644,50","2.485,00","2.668,50","2.484,75","-","6,51%"
"03.04.2020","2.482,75","2.513,75","2.529,50","2.449,00","-","-1,34%"
"02.04.2020","2.516,50","2.459,00","2.525,00","2.424,75","-","2,80%"
"01.04.2020","2.448,00","2.562,00","2.562,25","2.434,25","-","-4,74%"
"31.03.2020","2.569,75","2.613,25","2.635,75","2.555,75","-","-1,59%"
"30.03.2020","2.611,25","2.459,00","2.621,75","2.445,00","-","3,46%"
"27.03.2020","2.524,00","2.627,75","2.634,50","2.505,25","-","-3,22%"
"26.03.2020","2.608,00","2.471,00","2.625,75","2.402,25","-","5,72%"
"25.03.2020","2.467,00","2.442,75","2.560,75","2.386,00","-","1,19%"
"24.03.2020","2.438,00","2.233,25","2.447,75","2.230,50","-","9,80%"
"23.03.2020","2.220,50","2.220,25","2.386,00","2.174,00","-","-8,92%"
"20.03.2020","2.437,98","2.364,25","2.512,75","2.346,25","71,68K","1,45%"
"19.03.2020","2.403,25","2.414,25","2.474,00","2.288,00","631,23K","-0,45%"
"18.03.2020","2.414,00","2.478,50","2.498,00","2.274,75","976,54K","-3,27%"
"17.03.2020","2.495,50","2.417,25","2.554,50","2.365,00","1,68M","3,28%"
"16.03.2020","2.416,25","2.673,75","2.675,00","2.360,25","2,38M","-10,38%"
"13.03.2020","2.696,00","2.429,50","2.707,75","2.393,50","3,42M","9,19%"
"12.03.2020","2.469,00","2.738,00","2.774,00","2.442,50","4,37M","-9,90%"
"11.03.2020","2.740,25","2.859,50","2.869,50","2.702,75","2,99M","-4,38%"
"10.03.2020","2.865,75","2.733,00","2.884,75","2.695,25","3,42M","4,29%"
"09.03.2020","2.747,75","2.916,00","2.916,00","2.715,00","2,67M","-7,30%"
"06.03.2020","2.964,00","3.024,25","3.037,00","2.898,00","3,16M","-1,71%"
"05.03.2020","3.015,50","3.109,25","3.113,75","2.996,50","2,81M","-3,19%"
"04.03.2020","3.114,75","2.988,25","3.129,50","2.976,50","2,59M","3,93%"
"03.03.2020","2.997,00","3.077,00","3.137,00","2.973,00","3,75M","-2,22%"
"02.03.2020","3.065,00","2.900,00","3.093,25","2.889,25","3,69M","3,86%"
"28.02.2020","2.951,00","2.950,00","2.996,00","2.853,25","5,72M","-0,20%"
"27.02.2020","2.957,00","3.100,25","3.117,00","2.944,50","4,73M","-4,93%"
"26.02.2020","3.110,25","3.138,00","3.182,00","3.091,00","3,89M","-0,71%"
"25.02.2020","3.132,50","3.223,00","3.259,50","3.117,25","4,38M","-2,91%"
"24.02.2020","3.226,25","3.309,00","3.312,00","3.213,75","3,64M","-3,38%"
"21.02.2020","3.339,25","3.367,00","3.369,25","3.328,00","2,29M","-0,89%"
"20.02.2020","3.369,25","3.391,75","3.397,50","3.339,25","2,07M","-0,53%"
"19.02.2020","3.387,25","3.372,00","3.393,75","3.370,75","1,16M","0,53%"
"18.02.2020","3.369,25","3.382,25","3.392,50","3.355,25","1,74M","-0,20%"
"17.02.2020","3.376,00","3.387,62","3.392,38","3.372,12","-","-0,34%"
"16.02.2020","3.387,38","3.382,62","3.389,38","3.382,62","-","0,19%"
"14.02.2020","3.381,00","3.379,50","3.388,50","3.365,25","1,33M","0,10%"
"13.02.2020","3.377,50","3.381,25","3.384,75","3.348,50","1,77M","-0,09%"
"12.02.2020","3.380,50","3.360,50","3.381,50","3.355,50","1,23M","0,69%"
"11.02.2020","3.357,50","3.351,00","3.374,50","3.349,25","1,49M","0,13%"
"10.02.2020","3.353,00","3.322,25","3.353,50","3.303,50","1,40M","0,83%"
"07.02.2020","3.325,50","3.349,00","3.350,00","3.320,75","1,70M","-0,59%"
"06.02.2020","3.345,25","3.337,00","3.357,75","3.332,50","1,46M","0,31%"
"05.02.2020","3.335,00","3.300,25","3.338,00","3.288,25","2,05M","1,08%"
"04.02.2020","3.299,50","3.244,25","3.305,25","3.236,00","1,70M","1,66%"
"03.02.2020","3.245,50","3.222,75","3.267,25","3.222,00","1,92M","0,67%"
"31.01.2020","3.224,00","3.292,00","3.297,50","3.212,75","3,15M","-2,00%"
"30.01.2020","3.289,75","3.271,50","3.295,25","3.239,75","2,42M","0,53%"
"29.01.2020","3.272,50","3.281,75","3.292,75","3.265,25","1,67M","-0,18%"
"28.01.2020","3.278,25","3.239,50","3.285,00","3.238,75","1,91M","1,20%"
"27.01.2020","3.239,50","3.269,75","3.269,75","3.233,00","2,58M","-1,64%"
"24.01.2020","3.293,50","3.326,50","3.337,00","3.280,50","2,52M","-0,98%"
"23.01.2020","3.326,00","3.317,25","3.327,00","3.301,25","1,72M","0,19%"
"22.01.2020","3.319,75","3.321,25","3.337,50","3.315,25","1,51M","0,01%"
"21.01.2020","3.319,50","3.325,00","3.329,75","3.307,25","1,57M","-0,10%"
"20.01.2020","3.322,88","3.327,88","3.328,38","3.318,62","-","-0,06%"
"17.01.2020","3.325,00","3.316,75","3.330,25","3.316,00","1,31M","0,26%"
"16.01.2020","3.316,50","3.294,25","3.318,00","3.294,00","1,34M","0,69%"
"15.01.2020","3.293,75","3.287,75","3.299,00","3.277,75","1,47M","0,17%"
"14.01.2020","3.288,00","3.289,25","3.296,75","3.275,25","1,69M","-0,05%"
"13.01.2020","3.289,75","3.265,75","3.291,00","3.265,50","1,01M","0,77%"
"10.01.2020","3.264,75","3.275,50","3.287,00","3.260,75","1,53M","-0,34%"
"09.01.2020","3.276,00","3.261,25","3.276,75","3.257,75","1,30M","0,48%"
"08.01.2020","3.260,25","3.231,75","3.267,75","3.181,00","2,28M","0,77%"
"07.01.2020","3.235,25","3.243,50","3.254,50","3.226,00","1,29M","-0,25%"
"06.01.2020","3.243,50","3.220,25","3.249,50","3.208,75","1,50M","0,25%"
"03.01.2020","3.235,50","3.261,00","3.263,50","3.206,75","1,76M","-0,72%"
"02.01.2020","3.259,00","3.237,00","3.261,75","3.234,25","1,42M","0,66%"
"01.01.2020","3.237,62","3.236,00","3.240,62","3.234,88","-","0,20%"
"31.12.2019","3.231,00","3.223,25","3.236,25","3.213,00","1,16M","0,23%"
"30.12.2019","3.223,50","3.238,25","3.244,25","3.217,25","1,12M","-0,43%"
"27.12.2019","3.237,50","3.242,00","3.254,00","3.235,50","984,39K","-0,22%"
"26.12.2019","3.244,50","3.227,50","3.244,75","3.227,00","464,64K","0,53%"
"25.12.2019","3.227,38","3.226,25","3.228,12","3.226,25","-","0,05%"
"24.12.2019","3.225,75","3.228,25","3.231,25","3.222,50","297,97K","-0,05%"
"23.12.2019","3.227,25","3.227,00","3.234,25","3.224,25","665,90K","-0,12%"
"20.12.2019","3.231,02","3.208,50","3.220,25","3.204,25","46,15K","0,75%"
"19.12.2019","3.207,10","3.195,00","3.209,00","3.190,25","433,42K","0,39%"
"18.12.2019","3.194,75","3.189,50","3.199,00","3.188,50","582,63K","0,09%"
"17.12.2019","3.192,00","3.192,50","3.199,25","3.187,75","1,03M","-0,07%"
"16.12.2019","3.194,25","3.176,50","3.198,75","3.173,75","1,41M","0,70%"
"13.12.2019","3.172,00","3.175,75","3.185,00","3.156,75","1,83M","0,13%"
"12.12.2019","3.168,00","3.144,00","3.177,50","3.137,25","2,38M","0,80%"
"11.12.2019","3.143,00","3.135,50","3.144,50","3.129,50","1,23M","0,22%"
"10.12.2019","3.136,00","3.133,50","3.143,00","3.116,25","1,43M","0,05%"
"09.12.2019","3.134,50","3.146,50","3.149,50","3.131,25","1,15M","-0,37%"
"06.12.2019","3.146,00","3.117,75","3.151,00","3.117,00","1,30M","0,91%"
"05.12.2019","3.117,75","3.111,00","3.124,75","3.103,25","1,32M","0,22%"
"04.12.2019","3.111,00","3.091,75","3.119,50","3.081,75","1,49M","0,65%"
"03.12.2019","3.091,00","3.114,25","3.121,75","3.069,50","2,15M","-0,75%"
"02.12.2019","3.114,25","3.146,25","3.158,00","3.110,25","1,93M","-0,94%"
"29.11.2019","3.143,75","3.154,75","3.155,00","3.139,50","902,19K","-0,23%"
"28.11.2019","3.151,12","3.144,62","3.151,62","3.142,00","-","-0,08%"
"27.11.2019","3.153,75","3.143,75","3.155,00","3.141,75","928,79K","0,32%"
"26.11.2019","3.143,75","3.131,25","3.145,00","3.128,00","1,07M","0,35%"
"25.11.2019","3.132,75","3.119,00","3.133,50","3.116,50","947,83K","0,68%"
"22.11.2019","3.111,50","3.104,00","3.114,50","3.097,75","995,42K","0,24%"
"21.11.2019","3.104,00","3.097,25","3.114,50","3.091,25","1,43M","-0,16%"
"20.11.2019","3.109,00","3.116,50","3.118,50","3.090,75","1,69M","-0,30%"
"19.11.2019","3.118,50","3.121,50","3.132,50","3.112,75","1,20M","-0,10%"
"18.11.2019","3.121,75","3.119,00","3.127,75","3.111,00","1,03M","0,11%"
"15.11.2019","3.118,25","3.097,00","3.119,50","3.095,75","1,25M","0,69%"
"14.11.2019","3.097,00","3.096,25","3.099,75","3.081,75","1,11M","0,05%"
"13.11.2019","3.095,50","3.091,25","3.097,00","3.075,75","1,25M","0,11%"
"12.11.2019","3.092,00","3.087,75","3.102,00","3.081,25","1,10M","0,15%"
"11.11.2019","3.087,50","3.090,50","3.092,25","3.074,50","844,60K","-0,10%"
"08.11.2019","3.090,50","3.086,25","3.092,50","3.072,50","1,08M","0,15%"
"07.11.2019","3.086,00","3.077,25","3.097,00","3.070,25","1,35M","0,34%"
"06.11.2019","3.075,50","3.071,50","3.078,00","3.063,00","1,08M","0,11%"
"05.11.2019","3.072,00","3.076,75","3.085,75","3.069,75","1,12M","-0,12%"
"04.11.2019","3.075,75","3.064,75","3.083,75","3.064,75","1,18M","0,41%"
"01.11.2019","3.063,25","3.036,00","3.065,00","3.033,00","1,28M","0,91%"
"31.10.2019","3.035,75","3.051,75","3.052,00","3.020,25","1,77M","-0,39%"
"30.10.2019","3.047,75","3.036,50","3.055,00","3.023,25","1,18M","0,40%"
"29.10.2019","3.035,75","3.038,25","3.046,25","3.029,50","1,04M","-0,02%"
"28.10.2019","3.036,25","3.023,00","3.042,75","3.022,75","1,04M","0,53%"
"25.10.2019","3.020,25","3.003,75","3.026,50","3.000,00","1,10M","0,53%"
"24.10.2019","3.004,25","3.006,00","3.015,25","2.998,75","1,06M","-0,05%"
"23.10.2019","3.005,75","2.992,00","3.006,00","2.982,00","1,06M","0,38%"
"22.10.2019","2.994,50","3.006,50","3.014,25","2.988,25","1,13M","-0,40%"
"21.10.2019","3.006,50","2.984,75","3.007,50","2.983,75","886,56K","0,61%"
"18.10.2019","2.988,25","2.997,75","3.001,25","2.975,00","1,34M","-0,33%"
"17.10.2019","2.998,00","2.992,25","3.008,00","2.985,25","1,12M","0,22%"
"16.10.2019","2.991,50","2.996,50","2.997,75","2.984,75","1,15M","-0,21%"
"15.10.2019","2.997,75","2.966,75","3.003,25","2.966,50","1,18M","1,09%"
"14.10.2019","2.965,50","2.968,00","2.982,50","2.953,75","833,67K","-0,18%"
"11.10.2019","2.970,75","2.949,00","2.994,00","2.941,75","1,74M","1,01%"
"10.10.2019","2.941,00","2.920,50","2.954,00","2.881,75","1,58M","0,75%"
"09.10.2019","2.919,00","2.893,50","2.934,25","2.888,25","1,31M","0,92%"
"08.10.2019","2.892,50","2.934,50","2.950,00","2.890,50","1,87M","-1,53%"
"07.10.2019","2.937,50","2.929,75","2.959,50","2.928,00","1,27M","-0,46%"
"04.10.2019","2.951,00","2.911,50","2.953,25","2.896,75","1,50M","1,35%"
"03.10.2019","2.911,75","2.883,75","2.912,50","2.855,00","2,04M","1,08%"
"02.10.2019","2.880,50","2.942,25","2.949,00","2.874,00","2,13M","-1,95%"
"01.10.2019","2.937,75","2.984,00","2.994,50","2.937,00","1,60M","-1,37%"
"30.09.2019","2.978,50","2.976,00","2.986,25","2.964,50","1,16M","0,50%"
"27.09.2019","2.963,75","2.979,75","2.993,00","2.946,25","1,67M","-0,56%"
"26.09.2019","2.980,50","2.985,75","2.995,00","2.964,25","1,35M","-0,19%"
"25.09.2019","2.986,25","2.971,00","2.991,75","2.953,75","1,50M","0,54%"
"24.09.2019","2.970,25","3.001,00","3.012,25","2.958,50","1,94M","-0,89%"
"23.09.2019","2.997,00","2.995,75","3.008,25","2.982,00","1,04M","-0,55%"
"20.09.2019","3.013,61","3.005,50","3.015,50","3.001,75","37,79K","0,25%"
"19.09.2019","3.006,00","3.008,00","3.022,25","2.988,75","372,85K","-0,01%"
"18.09.2019","3.006,25","3.006,00","3.011,00","2.978,50","637,34K","0,02%"
"17.09.2019","3.005,50","3.001,75","3.006,50","2.991,50","1,10M","0,22%"
"16.09.2019","2.999,00","2.993,50","3.003,25","2.981,25","1,20M","-0,25%"
"13.09.2019","3.006,50","3.010,00","3.023,75","3.003,50","1,28M","-0,17%"
"12.09.2019","3.011,75","3.003,00","3.021,75","3.001,00","1,75M","0,32%"
"11.09.2019","3.002,00","2.979,00","3.004,25","2.972,00","1,42M","0,79%"
"10.09.2019","2.978,50","2.979,25","2.985,00","2.957,25","1,49M","0,01%"
"09.09.2019","2.978,25","2.980,25","2.991,50","2.969,50","1,20M","-0,08%"
"06.09.2019","2.980,75","2.970,75","2.988,25","2.970,25","1,18M","0,29%"
"05.09.2019","2.972,00","2.938,00","2.986,50","2.936,50","1,67M","1,14%"
"04.09.2019","2.938,50","2.903,00","2.939,50","2.902,00","1,25M","1,12%"
"03.09.2019","2.906,00","2.901,00","2.926,50","2.889,00","2,00M","0,11%"
"02.09.2019","2.902,88","2.909,12","2.926,50","2.890,50","-","-0,21%"
"01.09.2019","2.908,88","2.923,50","2.923,50","2.893,75","-","-0,54%"
"30.08.2019","2.924,75","2.923,25","2.946,50","2.913,25","1,64M","-0,07%"
"29.08.2019","2.926,75","2.883,25","2.930,75","2.875,25","1,49M","1,28%"
"28.08.2019","2.889,75","2.866,25","2.890,50","2.851,75","1,49M","0,85%"
"27.08.2019","2.865,50","2.882,75","2.899,50","2.860,00","1,53M","-0,62%"
"26.08.2019","2.883,25","2.831,00","2.888,50","2.810,25","1,85M","0,97%"
"23.08.2019","2.855,50","2.920,25","2.936,75","2.834,00","2,86M","-2,28%"
"22.08.2019","2.922,25","2.931,25","2.939,75","2.904,25","1,47M","-0,24%"
"21.08.2019","2.929,25","2.893,25","2.932,50","2.893,00","1,18M","1,07%"
"20.08.2019","2.898,25","2.921,25","2.932,25","2.894,25","1,48M","-0,87%"
"19.08.2019","2.923,75","2.893,00","2.932,25","2.892,50","1,29M","1,12%"
"16.08.2019","2.891,50","2.851,00","2.894,75","2.849,50","1,63M","1,51%"
"15.08.2019","2.848,50","2.836,00","2.871,75","2.817,75","2,50M","0,27%"
"14.08.2019","2.840,75","2.931,00","2.936,50","2.835,75","2,79M","-3,11%"
"13.08.2019","2.932,00","2.882,25","2.944,25","2.866,75","2,18M","1,80%"
"12.08.2019","2.880,25","2.918,75","2.931,00","2.872,50","1,71M","-1,35%"
"09.08.2019","2.919,75","2.928,00","2.935,75","2.899,00","2,03M","-0,69%"
"08.08.2019","2.940,00","2.879,00","2.940,75","2.870,50","1,80M","2,07%"
"07.08.2019","2.880,50","2.873,75","2.891,50","2.823,25","2,68M","0,16%"
"06.08.2019","2.876,00","2.816,25","2.883,75","2.775,75","2,60M","1,63%"
"05.08.2019","2.830,00","2.929,25","2.933,50","2.820,50","3,07M","-3,50%"
"02.08.2019","2.932,50","2.950,25","2.961,00","2.913,50","2,45M","-0,66%"
"01.08.2019","2.952,00","2.970,25","3.014,25","2.944,50","2,74M","-1,01%"
"31.07.2019","2.982,25","3.016,25","3.020,75","2.958,00","1,95M","-1,00%"
"30.07.2019","3.012,25","3.022,25","3.027,50","3.001,50","1,18M","-0,31%"
"29.07.2019","3.021,75","3.022,00","3.027,25","3.015,50","823,57K","-0,09%"
"26.07.2019","3.024,50","3.006,50","3.029,50","3.006,00","961,02K","0,60%"
"25.07.2019","3.006,50","3.018,00","3.027,75","2.998,00","1,33M","-0,50%"
"24.07.2019","3.021,50","3.003,00","3.022,00","2.996,00","1,07M","0,45%"
"23.07.2019","3.008,00","2.988,75","3.008,50","2.987,50","1,06M","0,64%"
"22.07.2019","2.989,00","2.974,50","2.993,50","2.972,50","1,10M","0,40%"
"19.07.2019","2.977,00","3.003,75","3.009,75","2.969,50","1,48M","-0,68%"
"18.07.2019","2.997,50","2.980,75","3.005,25","2.974,50","1,35M","0,42%"
"17.07.2019","2.985,00","3.005,75","3.013,00","2.980,50","1,04M","-0,73%"
"16.07.2019","3.007,00","3.017,25","3.021,75","3.004,50","939,81K","-0,34%"
"15.07.2019","3.017,25","3.015,25","3.023,50","3.010,75","829,94K","0,06%"
"12.07.2019","3.015,50","3.003,00","3.018,00","3.002,25","969,96K","0,38%"
"11.07.2019","3.004,00","2.996,00","3.006,75","2.992,50","1,18M","0,22%"
"10.07.2019","2.997,50","2.982,25","3.007,50","2.971,25","1,42M","0,52%"
"09.07.2019","2.982,00","2.977,75","2.986,25","2.963,50","956,65K","0,12%"
"08.07.2019","2.978,50","2.990,75","2.994,75","2.973,25","1,02M","-0,40%"
"05.07.2019","2.990,50","3.000,75","3.006,00","2.971,25","1,34M","-0,40%"
"04.07.2019","3.002,62","2.999,38","3.003,62","2.997,38","-","0,08%"
"03.07.2019","3.000,25","2.979,00","3.001,50","2.973,75","805,26K","0,70%"
"02.07.2019","2.979,50","2.968,00","2.980,00","2.958,50","1,12M","0,40%"
"01.07.2019","2.967,75","2.970,00","2.981,75","2.955,50","1,46M","0,80%"
"28.06.2019","2.944,25","2.932,75","2.955,25","2.930,00","1,32M","0,45%"
"27.06.2019","2.931,00","2.914,75","2.935,75","2.914,75","1,06M","0,45%"
"26.06.2019","2.918,00","2.922,50","2.939,00","2.914,50","1,23M","-0,14%"
"25.06.2019","2.922,00","2.951,00","2.958,25","2.920,00","1,42M","-1,02%"
"24.06.2019","2.952,00","2.948,00","2.961,75","2.947,25","910,17K","-0,06%"
"21.06.2019","2.953,90","2.953,75","2.956,00","2.944,00","47,73K","-0,06%"
"20.06.2019","2.955,75","2.926,75","2.960,00","2.926,00","473,31K","0,91%"
"19.06.2019","2.929,00","2.920,50","2.932,50","2.909,00","638,95K","0,25%"
"18.06.2019","2.921,75","2.893,50","2.931,75","2.884,50","1,07M","1,03%"
"17.06.2019","2.892,00","2.890,75","2.900,75","2.887,75","1,16M","0,05%"
"14.06.2019","2.890,50","2.893,75","2.898,75","2.880,50","1,26M","-0,14%"
"13.06.2019","2.894,50","2.882,00","2.896,50","2.867,25","1,44M","0,47%"
"12.06.2019","2.881,00","2.887,25","2.891,00","2.875,25","1,21M","-0,21%"
"11.06.2019","2.887,00","2.890,25","2.911,50","2.879,25","1,40M","-0,08%"
"10.06.2019","2.889,25","2.893,25","2.905,75","2.880,50","1,42M","0,50%"
"07.06.2019","2.875,00","2.840,00","2.886,25","2.838,00","1,69M","1,03%"
"06.06.2019","2.845,75","2.820,50","2.853,00","2.812,75","1,57M","0,64%"
"05.06.2019","2.827,75","2.806,50","2.829,50","2.801,00","1,74M","0,81%"
"04.06.2019","2.805,00","2.754,00","2.806,25","2.744,00","1,84M","2,02%"
"03.06.2019","2.749,50","2.741,00","2.763,75","2.728,75","2,30M","-0,11%"
"31.05.2019","2.752,50","2.788,75","2.791,00","2.750,00","2,21M","-1,36%"
"30.05.2019","2.790,50","2.779,50","2.799,00","2.776,50","1,28M","0,38%"
"29.05.2019","2.780,00","2.804,25","2.806,00","2.766,25","2,09M","-0,89%"
"28.05.2019","2.805,00","2.831,00","2.841,25","2.800,50","1,63M","-1,00%"
"27.05.2019","2.833,25","2.829,88","2.838,38","2.826,62","-","0,09%"
"26.05.2019","2.830,62","2.830,88","2.834,88","2.829,38","-","-0,04%"
"24.05.2019","2.831,75","2.821,75","2.842,00","2.819,25","1,20M","0,43%"
"23.05.2019","2.819,50","2.857,75","2.858,50","2.805,75","2,01M","-1,33%"
"22.05.2019","2.857,50","2.864,75","2.869,50","2.848,25","1,26M","-0,30%"
"21.05.2019","2.866,00","2.848,00","2.870,75","2.846,25","1,30M","0,77%"
"20.05.2019","2.844,00","2.861,50","2.876,50","2.832,50","1,66M","-0,63%"
"17.05.2019","2.862,00","2.879,75","2.887,50","2.852,50","1,93M","-0,57%"
"16.05.2019","2.878,50","2.853,50","2.894,00","2.840,50","1,69M","0,82%"
"15.05.2019","2.855,00","2.840,75","2.860,00","2.815,00","1,75M","0,55%"
"14.05.2019","2.839,25","2.806,00","2.853,75","2.799,75","1,80M","1,15%"
"13.05.2019","2.807,00","2.858,50","2.869,25","2.802,00","2,79M","-2,77%"
"10.05.2019","2.887,00","2.869,75","2.893,00","2.826,00","2,85M","0,50%"
"09.05.2019","2.872,75","2.884,00","2.885,50","2.836,25","2,71M","-0,50%"
"08.05.2019","2.887,25","2.889,75","2.899,50","2.868,75","2,04M","-0,12%"
"07.05.2019","2.890,75","2.911,75","2.930,50","2.862,50","2,81M","-1,42%"
"06.05.2019","2.932,50","2.917,75","2.938,25","2.883,50","2,04M","-0,51%"
"03.05.2019","2.947,50","2.918,50","2.949,50","2.916,50","1,30M","1,03%"
"02.05.2019","2.917,50","2.916,50","2.932,75","2.901,00","1,81M","-0,19%"
"01.05.2019","2.923,00","2.955,00","2.961,25","2.916,00","1,50M","-0,86%"
"30.04.2019","2.948,50","2.942,50","2.956,50","2.926,00","1,49M","0,19%"
"29.04.2019","2.943,00","2.939,25","2.951,50","2.937,75","944,85K","0,05%"
"26.04.2019","2.941,50","2.923,75","2.942,75","2.917,25","1,25M","0,52%"
"25.04.2019","2.926,25","2.930,00","2.935,75","2.914,25","1,38M","-0,15%"
"24.04.2019","2.930,75","2.937,25","2.939,75","2.927,75","1,13M","-0,25%"
"23.04.2019","2.938,00","2.911,75","2.939,75","2.908,00","1,19M","0,88%"
"22.04.2019","2.912,50","2.908,75","2.915,75","2.899,00","706,07K","0,07%"
"19.04.2019","2.910,50","2.910,50","2.910,50","2.910,50","-","0,02%"
"18.04.2019","2.910,00","2.901,00","2.911,75","2.889,50","1,34M","0,33%"
"17.04.2019","2.900,50","2.910,25","2.923,50","2.898,50","1,38M","-0,38%"
"16.04.2019","2.911,50","2.910,25","2.921,25","2.904,50","1,12M","0,07%"
"15.04.2019","2.909,50","2.912,00","2.914,50","2.900,50","955,66K","-0,10%"
"12.04.2019","2.912,50","2.892,00","2.914,75","2.890,75","1,23M","0,72%"
"11.04.2019","2.891,75","2.894,75","2.900,00","2.885,25","968,65K","-0,10%"
"10.04.2019","2.894,50","2.882,00","2.896,00","2.878,00","972,31K","0,42%"
"09.04.2019","2.882,50","2.898,50","2.900,00","2.877,25","1,18M","-0,54%"
"08.04.2019","2.898,25","2.896,25","2.899,75","2.884,25","978,91K","0,08%"
"05.04.2019","2.896,00","2.882,50","2.898,00","2.880,50","1,22M","0,46%"
"04.04.2019","2.882,75","2.880,75","2.885,75","2.871,00","1,05M","0,10%"
"03.04.2019","2.879,75","2.866,00","2.889,25","2.865,25","1,24M","0,44%"
"02.04.2019","2.867,00","2.868,50","2.873,75","2.862,25","859,94K","-0,12%"
"01.04.2019","2.870,50","2.844,50","2.873,50","2.844,50","1,26M","1,15%"
"29.03.2019","2.837,75","2.820,50","2.840,75","2.820,25","1,49M","0,59%"
"28.03.2019","2.821,00","2.807,00","2.824,25","2.795,00","1,19M","0,37%"
"27.03.2019","2.810,50","2.823,50","2.831,75","2.791,75","1,73M","-0,44%"
"26.03.2019","2.823,00","2.808,50","2.835,00","2.806,00","1,46M","0,57%"
"25.03.2019","2.807,00","2.813,00","2.818,50","2.789,50","1,80M","-0,13%"
"22.03.2019","2.810,75","2.859,50","2.864,75","2.805,25","2,25M","-1,81%"
"21.03.2019","2.862,50","2.823,75","2.866,00","2.813,75","1,66M","1,26%"
"20.03.2019","2.827,00","2.837,25","2.849,25","2.817,25","1,69M","-0,33%"
"19.03.2019","2.836,50","2.841,50","2.858,75","2.829,00","1,50M","-0,14%"
"18.03.2019","2.840,50","2.827,00","2.842,00","2.824,00","1,04M","1,02%"
"15.03.2019","2.811,89","2.808,00","2.821,50","2.807,50","42,98K","0,17%"
"14.03.2019","2.807,25","2.816,00","2.820,00","2.803,75","330,52K","-0,26%"
"13.03.2019","2.814,50","2.792,25","2.821,25","2.783,00","583,01K","0,81%"
"12.03.2019","2.792,00","2.784,75","2.798,25","2.780,50","958,32K","0,29%"
"11.03.2019","2.784,00","2.745,50","2.787,50","2.736,75","1,30M","1,35%"
"08.03.2019","2.747,00","2.749,00","2.751,50","2.722,00","1,38M","-0,11%"
"07.03.2019","2.750,00","2.770,50","2.776,25","2.738,50","1,92M","-0,78%"
"06.03.2019","2.771,50","2.786,50","2.792,75","2.768,50","1,51M","-0,72%"
"05.03.2019","2.791,50","2.790,50","2.799,00","2.783,25","1,20M","0,00%"
"04.03.2019","2.791,50","2.814,00","2.819,75","2.767,50","1,79M","-0,48%"
"01.03.2019","2.805,00","2.785,25","2.808,25","2.783,00","1,27M","0,73%"
"28.02.2019","2.784,75","2.795,25","2.795,75","2.781,75","1,36M","-0,37%"
"27.02.2019","2.795,00","2.788,00","2.797,25","2.775,00","1,14M","0,13%"
"26.02.2019","2.791,50","2.795,75","2.803,50","2.783,25","1,20M","-0,20%"
"25.02.2019","2.797,00","2.799,50","2.814,00","2.794,50","1,26M","0,21%"
"22.02.2019","2.791,25","2.773,50","2.795,50","2.770,50","1,19M","0,61%"
"21.02.2019","2.774,25","2.787,00","2.798,00","2.764,25","1,43M","-0,46%"
"20.02.2019","2.787,00","2.777,75","2.790,75","2.773,25","1,28M","0,30%"
"19.02.2019","2.778,75","2.777,00","2.787,50","2.766,00","1,20M","0,10%"
"18.02.2019","2.775,88","2.778,12","2.780,12","2.773,38","-","-0,10%"
"17.02.2019","2.778,62","2.777,25","2.781,38","2.775,25","-","0,06%"
"15.02.2019","2.777,00","2.741,25","2.778,50","2.729,00","1,52M","1,22%"
"14.02.2019","2.743,50","2.749,25","2.763,00","2.730,25","1,68M","-0,22%"
"13.02.2019","2.749,50","2.743,50","2.762,00","2.742,75","1,21M","0,17%"
"12.02.2019","2.744,75","2.707,00","2.748,00","2.705,50","1,31M","1,35%"
"11.02.2019","2.708,25","2.710,75","2.721,50","2.700,50","1,11M","0,07%"
"08.02.2019","2.706,25","2.702,00","2.709,00","2.680,75","1,58M","0,08%"
"07.02.2019","2.704,00","2.727,00","2.729,25","2.685,50","1,92M","-0,93%"
"06.02.2019","2.729,50","2.730,75","2.736,50","2.722,25","1,20M","-0,05%"
"05.02.2019","2.731,00","2.719,50","2.737,75","2.716,25","1,23M","0,36%"
"04.02.2019","2.721,25","2.699,25","2.725,00","2.697,00","1,02M","0,63%"
"01.02.2019","2.704,25","2.707,75","2.716,00","2.695,50","1,47M","-0,01%"
"31.01.2019","2.704,50","2.683,50","2.713,00","2.675,75","1,94M","0,82%"
"30.01.2019","2.682,50","2.648,50","2.689,75","2.636,25","1,56M","1,60%"
"29.01.2019","2.640,25","2.640,25","2.650,00","2.628,50","1,26M","-0,07%"
"28.01.2019","2.642,00","2.660,00","2.663,50","2.622,25","1,41M","-0,81%"
"25.01.2019","2.663,50","2.636,25","2.672,50","2.634,50","1,39M","1,12%"
"24.01.2019","2.634,00","2.635,00","2.647,50","2.626,00","1,27M","-0,16%"
"23.01.2019","2.638,25","2.630,75","2.653,75","2.612,50","1,58M","0,24%"
"22.01.2019","2.632,00","2.669,25","2.673,50","2.616,50","1,88M","-1,17%"
"21.01.2019","2.663,25","2.668,12","2.669,38","2.655,25","-","-0,19%"
"20.01.2019","2.668,38","2.676,50","2.677,50","2.667,38","-","-0,12%"
"18.01.2019","2.671,50","2.636,75","2.677,75","2.632,75","1,75M","1,38%"
"17.01.2019","2.635,25","2.614,50","2.645,50","2.596,50","1,51M","0,84%"
"16.01.2019","2.613,25","2.605,75","2.626,25","2.602,50","1,33M","0,30%"
"15.01.2019","2.605,50","2.581,50","2.613,75","2.580,00","1,53M","0,97%"
"14.01.2019","2.580,50","2.588,50","2.592,00","2.567,25","1,20M","-0,56%"
"11.01.2019","2.595,00","2.594,00","2.597,75","2.577,00","1,21M","0,04%"
"10.01.2019","2.594,00","2.580,00","2.599,50","2.560,50","1,53M","0,45%"
"09.01.2019","2.582,50","2.569,50","2.596,75","2.568,50","1,60M","0,39%"
"08.01.2019","2.572,50","2.553,25","2.581,25","2.547,50","1,66M","0,86%"
"07.01.2019","2.550,50","2.537,25","2.567,50","2.523,25","1,63M","0,76%"
"04.01.2019","2.531,25","2.451,75","2.539,25","2.438,50","2,35M","3,41%"
"03.01.2019","2.447,75","2.482,25","2.493,50","2.443,25","2,26M","-2,52%"
"02.01.2019","2.511,00","2.508,00","2.521,25","2.452,25","1,97M","-0,24%"
"01.01.2019","2.517,00","2.505,25","2.520,88","2.505,25","-","0,47%"
"31.12.2018","2.505,25","2.495,50","2.513,00","2.482,75","1,41M","0,77%"
"28.12.2018","2.486,00","2.491,50","2.523,00","2.472,75","2,01M","-0,36%"
"27.12.2018","2.495,00","2.470,25","2.498,75","2.397,00","2,28M","0,97%"
"26.12.2018","2.471,00","2.348,50","2.477,75","2.316,75","2,02M","5,35%"
"25.12.2018","2.345,62","2.341,50","2.349,38","2.317,38","-","0,17%"
"24.12.2018","2.341,75","2.407,75","2.434,50","2.340,50","1,29M","-4,76%"
"21.12.2018","2.458,90","2.487,00","2.491,25","2.466,75","65,70K","-1,08%"
"20.12.2018","2.485,75","2.503,50","2.517,50","2.441,00","630,21K","-0,70%"
"19.12.2018","2.503,25","2.530,50","2.593,25","2.488,00","823,82K","-1,28%"
"18.12.2018","2.535,75","2.553,75","2.574,75","2.528,00","1,22M","-0,66%"
"17.12.2018","2.552,50","2.594,00","2.613,75","2.530,50","1,60M","-1,90%"
"14.12.2018","2.602,00","2.646,50","2.648,75","2.594,00","1,66M","-1,64%"
"13.12.2018","2.645,50","2.653,00","2.671,00","2.637,25","2,04M","-0,26%"
"12.12.2018","2.652,50","2.632,50","2.686,50","2.631,75","1,90M","0,43%"
"11.12.2018","2.641,25","2.644,00","2.678,00","2.621,25","2,27M","-0,07%"
"10.12.2018","2.643,00","2.625,00","2.648,50","2.583,00","2,56M","0,27%"
"07.12.2018","2.636,00","2.694,25","2.709,75","2.623,25","2,60M","-2,04%"
"06.12.2018","2.691,00","2.713,25","2.714,00","2.621,25","3,31M","-0,40%"
"05.12.2018","2.701,75","2.699,50","2.720,75","2.698,00","184,90K","0,00%"
"04.12.2018","2.701,75","2.789,75","2.790,50","2.696,00","2,71M","-3,19%"
"03.12.2018","2.790,75","2.793,50","2.814,00","2.773,50","1,91M","1,18%"
"30.11.2018","2.758,25","2.742,00","2.764,75","2.729,00","1,48M","0,51%"
"29.11.2018","2.744,25","2.738,00","2.754,50","2.723,25","1,49M","0,10%"
"28.11.2018","2.741,50","2.686,25","2.745,00","2.681,00","1,87M","2,16%"
"27.11.2018","2.683,50","2.661,00","2.686,75","2.655,25","1,50M","0,51%"
"26.11.2018","2.670,00","2.633,50","2.676,25","2.631,50","1,37M","1,54%"
"23.11.2018","2.629,50","2.650,00","2.656,25","2.626,00","872,86K","-0,45%"
"22.11.2018","2.641,50","2.650,50","2.656,25","2.629,00","-","-0,28%"
"21.11.2018","2.649,00","2.639,75","2.671,25","2.632,25","1,45M","0,34%"
"20.11.2018","2.640,00","2.696,25","2.696,75","2.631,75","2,53M","-2,09%"
"19.11.2018","2.696,25","2.733,00","2.748,00","2.681,50","1,99M","-1,70%"
"16.11.2018","2.743,00","2.731,75","2.748,75","2.708,75","1,88M","0,31%"
"15.11.2018","2.734,50","2.702,00","2.736,75","2.671,25","2,38M","1,33%"
"14.11.2018","2.698,50","2.731,25","2.748,25","2.686,25","2,30M","-1,06%"
"13.11.2018","2.727,50","2.732,00","2.755,75","2.714,50","2,10M","-0,01%"
"12.11.2018","2.727,75","2.778,75","2.795,25","2.722,25","1,92M","-1,84%"
"09.11.2018","2.779,00","2.804,00","2.811,25","2.764,50","1,72M","-1,06%"
"08.11.2018","2.808,75","2.815,75","2.818,00","2.795,00","1,32M","-0,28%"
"07.11.2018","2.816,50","2.756,75","2.817,75","2.744,75","1,89M","2,08%"
"06.11.2018","2.759,00","2.739,00","2.761,00","2.729,75","1,27M","0,71%"
"05.11.2018","2.739,50","2.722,50","2.743,75","2.712,75","1,31M","0,56%"
"02.11.2018","2.724,25","2.724,00","2.766,25","2.699,50","2,37M","-0,50%"
"01.11.2018","2.738,00","2.706,00","2.741,25","2.705,50","1,82M","1,00%"
"31.10.2018","2.711,00","2.690,75","2.737,25","2.682,00","2,47M","0,96%"
"30.10.2018","2.685,25","2.639,00","2.690,25","2.633,25","2,50M","1,58%"
"29.10.2018","2.643,50","2.667,00","2.707,00","2.603,00","2,79M","-0,97%"
"26.10.2018","2.669,50","2.678,00","2.692,75","2.627,25","3,51M","-0,70%"
"25.10.2018","2.688,25","2.673,75","2.723,75","2.658,75","2,54M","0,90%"
"24.10.2018","2.664,25","2.745,25","2.750,00","2.652,25","2,86M","-2,99%"
"23.10.2018","2.746,25","2.755,75","2.757,50","2.692,25","2,85M","-0,37%"
"22.10.2018","2.756,50","2.758,00","2.782,00","2.749,75","1,67M","-0,40%"
"19.10.2018","2.767,50","2.774,75","2.800,50","2.762,25","2,02M","-0,17%"
"18.10.2018","2.772,25","2.813,25","2.814,75","2.756,50","2,22M","-1,56%"
"17.10.2018","2.816,25","2.816,25","2.824,25","2.783,25","1,95M","-0,05%"
"16.10.2018","2.817,75","2.747,50","2.819,00","2.745,50","1,78M","2,50%"
"15.10.2018","2.749,00","2.770,00","2.778,75","2.745,25","1,76M","-0,70%"
"12.10.2018","2.768,50","2.748,50","2.785,00","2.732,25","2,85M","0,84%"
"11.10.2018","2.745,50","2.776,50","2.798,75","2.712,25","4,01M","-1,28%"
"10.10.2018","2.781,00","2.886,75","2.891,25","2.771,50","3,46M","-3,71%"
"09.10.2018","2.888,25","2.892,25","2.900,00","2.874,50","1,77M","-0,19%"
"08.10.2018","2.893,75","2.897,50","2.898,25","2.866,00","1,76M","-0,01%"
"05.10.2018","2.894,00","2.910,00","2.915,50","2.873,25","2,29M","-0,47%"
"04.10.2018","2.907,75","2.926,00","2.926,25","2.887,75","2,17M","-0,81%"
"03.10.2018","2.931,50","2.929,00","2.944,75","2.924,75","1,24M","0,10%"
"02.10.2018","2.928,50","2.929,25","2.936,00","2.917,50","1,13M","-0,05%"
"01.10.2018","2.930,00","2.922,50","2.942,00","2.922,50","1,24M","0,38%"
"28.09.2018","2.919,00","2.922,25","2.925,50","2.908,00","1,43M","-0,03%"
"27.09.2018","2.920,00","2.911,50","2.932,00","2.907,50","1,21M","0,29%"
"26.09.2018","2.911,50","2.922,50","2.936,00","2.907,50","1,31M","-0,33%"
"25.09.2018","2.921,25","2.926,50","2.934,25","2.918,25","1,03M","-0,15%"
"24.09.2018","2.925,50","2.929,50","2.930,25","2.917,75","1,16M","-0,51%"
"21.09.2018","2.940,45","2.934,75","2.944,00","2.932,25","38,48K","0,22%"
"20.09.2018","2.934,00","2.911,25","2.935,75","2.908,25","360,70K","0,82%"
"19.09.2018","2.910,00","2.907,75","2.913,75","2.900,75","563,50K","0,12%"
"18.09.2018","2.906,50","2.890,50","2.912,50","2.878,50","986,83K","0,54%"
"17.09.2018","2.891,00","2.903,50","2.906,25","2.887,25","1,16M","-0,52%"
"14.09.2018","2.906,25","2.904,75","2.912,25","2.896,75","1,20M","0,03%"
"13.09.2018","2.905,25","2.887,00","2.907,00","2.884,75","1,64M","0,58%"
"12.09.2018","2.888,50","2.890,00","2.895,25","2.879,50","1,58M","-0,04%"
"11.09.2018","2.889,75","2.879,75","2.893,00","2.867,25","1,27M","0,33%"
"10.09.2018","2.880,25","2.873,75","2.888,25","2.873,25","1,25M","0,19%"
"07.09.2018","2.874,75","2.877,75","2.885,00","2.865,00","1,69M","-0,15%"
"06.09.2018","2.879,00","2.888,50","2.893,00","2.868,00","1,63M","-0,32%"
"05.09.2018","2.888,25","2.898,75","2.900,50","2.877,50","1,60M","-0,35%"
"04.09.2018","2.898,25","2.906,50","2.912,50","2.885,50","1,61M","-0,28%"
"03.09.2018","2.906,25","2.906,50","2.912,50","2.902,50","-","-0,01%"
"02.09.2018","2.906,50","2.906,75","2.907,00","2.904,75","-","0,16%"
"31.08.2018","2.902,00","2.898,00","2.907,50","2.891,75","1,32M","0,00%"
"30.08.2018","2.902,00","2.915,75","2.916,25","2.895,50","1,33M","-0,44%"
"29.08.2018","2.914,75","2.900,50","2.917,50","2.897,50","1,11M","0,53%"
"28.08.2018","2.899,25","2.899,00","2.906,25","2.894,25","902,71K","0,03%"
"27.08.2018","2.898,50","2.877,75","2.899,50","2.876,75","961,50K","0,76%"
"24.08.2018","2.876,75","2.858,25","2.877,50","2.856,25","1,06M","0,66%"
"23.08.2018","2.858,00","2.861,75","2.869,75","2.854,75","1,05M","-0,11%"
"22.08.2018","2.861,25","2.853,00","2.868,25","2.846,25","996,43K","-0,02%"
"21.08.2018","2.861,75","2.856,75","2.874,00","2.852,00","1,06M","0,11%"
"20.08.2018","2.858,50","2.851,75","2.860,75","2.850,25","817,38K","0,22%"
"17.08.2018","2.852,25","2.843,50","2.857,00","2.835,00","1,20M","0,26%"
"16.08.2018","2.844,75","2.822,25","2.851,75","2.817,50","1,27M","0,83%"
"15.08.2018","2.821,25","2.841,75","2.843,00","2.803,00","1,87M","-0,70%"
"14.08.2018","2.841,00","2.826,75","2.843,50","2.825,75","1,02M","0,55%"
"13.08.2018","2.825,50","2.835,75","2.843,75","2.820,00","1,28M","-0,40%"
"10.08.2018","2.836,75","2.852,50","2.852,75","2.826,00","1,42M","-0,60%"
"09.08.2018","2.853,75","2.853,50","2.862,75","2.850,50","696,70K","-0,05%"
"08.08.2018","2.855,25","2.860,50","2.862,50","2.852,50","745,41K","-0,16%"
"07.08.2018","2.859,75","2.849,25","2.863,75","2.848,25","780,22K","0,34%"
"06.08.2018","2.850,00","2.841,50","2.853,50","2.835,00","797,32K","0,37%"
"03.08.2018","2.839,50","2.830,75","2.841,50","2.824,75","922,24K","0,39%"
"02.08.2018","2.828,50","2.814,00","2.831,25","2.791,00","1,24M","0,63%"
"01.08.2018","2.810,75","2.824,25","2.825,75","2.805,50","1,10M","-0,22%"
"31.07.2018","2.817,00","2.805,50","2.827,75","2.802,75","1,37M","0,49%"
"30.07.2018","2.803,25","2.816,00","2.821,75","2.798,25","1,17M","-0,51%"
"27.07.2018","2.817,50","2.840,25","2.847,00","2.808,75","1,49M","-0,88%"
"26.07.2018","2.842,50","2.835,25","2.846,50","2.833,25","1,04M","0,04%"
"25.07.2018","2.841,25","2.819,25","2.849,50","2.814,00","1,30M","0,72%"
"24.07.2018","2.821,00","2.810,50","2.831,25","2.810,25","1,35M","0,32%"
"23.07.2018","2.812,00","2.805,25","2.812,50","2.792,50","812,48K","0,40%"
"20.07.2018","2.800,75","2.805,50","2.810,50","2.793,00","1,01M","-0,16%"
"19.07.2018","2.805,25","2.814,50","2.818,00","2.800,25","1,08M","-0,38%"
"18.07.2018","2.816,00","2.813,00","2.818,25","2.806,75","860,52K","0,17%"
"17.07.2018","2.811,25","2.795,75","2.815,75","2.789,75","1,06M","0,53%"
"16.07.2018","2.796,50","2.804,75","2.809,00","2.795,00","801,61K","-0,24%"
"13.07.2018","2.803,25","2.798,50","2.807,25","2.793,25","952,31K","0,17%"
"12.07.2018","2.798,50","2.776,75","2.801,00","2.773,75","1,12M","0,88%"
"11.07.2018","2.774,00","2.780,75","2.787,75","2.765,75","1,37M","-0,81%"
"10.07.2018","2.796,75","2.787,50","2.797,75","2.780,50","925,71K","0,33%"
"09.07.2018","2.787,50","2.762,00","2.788,00","2.761,75","970,34K","0,89%"
"06.07.2018","2.763,00","2.737,00","2.766,25","2.731,25","1,29M","0,89%"
"05.07.2018","2.738,50","2.713,00","2.739,75","2.710,75","1,17M","0,69%"
"04.07.2018","2.719,75","2.713,00","2.724,00","2.712,25","-","0,24%"
"03.07.2018","2.713,25","2.727,25","2.741,50","2.712,00","860,53K","-0,51%"
"02.07.2018","2.727,25","2.721,00","2.728,50","2.698,50","1,21M","0,21%"
"29.06.2018","2.721,50","2.720,00","2.745,50","2.716,75","1,64M","0,07%"
"28.06.2018","2.719,50","2.705,00","2.726,25","2.693,25","1,68M","0,54%"
"27.06.2018","2.705,00","2.726,50","2.748,00","2.701,00","2,12M","-0,86%"
"26.06.2018","2.728,50","2.721,75","2.735,25","2.714,75","1,40M","0,23%"
"25.06.2018","2.722,25","2.757,00","2.758,00","2.700,50","2,21M","-1,35%"
"22.06.2018","2.759,50","2.750,50","2.768,50","2.749,25","1,11M","0,25%"
"21.06.2018","2.752,50","2.771,75","2.785,25","2.747,00","1,49M","-0,70%"
"20.06.2018","2.772,00","2.765,25","2.778,25","2.757,25","1,08M","0,21%"
"19.06.2018","2.766,25","2.778,25","2.780,25","2.735,75","1,66M","-0,49%"
"18.06.2018","2.779,75","2.780,00","2.786,75","2.761,25","993,12K","0,10%"
"15.06.2018","2.776,85","2.782,50","2.784,00","2.766,25","45,30K","-0,23%"
"14.06.2018","2.783,25","2.773,25","2.789,25","2.767,50","398,11K","0,32%"
"13.06.2018","2.774,25","2.788,00","2.791,75","2.773,75","614,17K","-0,35%"
"12.06.2018","2.784,00","2.781,25","2.789,75","2.778,50","988,75K","0,04%"
"11.06.2018","2.783,00","2.771,00","2.790,50","2.770,50","1,22M","0,15%"
"08.06.2018","2.778,75","2.771,00","2.779,75","2.752,00","1,37M","0,23%"
"07.06.2018","2.772,25","2.773,25","2.779,75","2.760,00","1,77M","0,00%"
"06.06.2018","2.772,25","2.751,00","2.774,75","2.748,00","1,33M","0,75%"
"05.06.2018","2.751,50","2.746,00","2.753,25","2.739,00","1,03M","0,22%"
"04.06.2018","2.745,50","2.731,00","2.749,25","2.729,00","857,85K","0,43%"
"01.06.2018","2.733,75","2.707,50","2.737,00","2.706,00","1,24M","1,04%"
"31.05.2018","2.705,50","2.720,25","2.728,25","2.699,75","1,67M","-0,70%"
"30.05.2018","2.724,50","2.693,25","2.729,25","2.685,75","1,42M","1,20%"
"29.05.2018","2.692,25","2.729,00","2.731,75","2.675,00","1,99M","-1,09%"
"28.05.2018","2.722,00","2.729,50","2.731,75","2.718,25","-","-0,27%"
"27.05.2018","2.729,50","2.731,00","2.731,00","2.726,00","-","0,41%"
"25.05.2018","2.718,25","2.726,75","2.737,75","2.713,75","993,78K","-0,34%"
"24.05.2018","2.727,50","2.729,75","2.733,25","2.705,75","1,28M","-0,12%"
"23.05.2018","2.730,75","2.724,50","2.733,00","2.704,50","1,30M","0,17%"
"22.05.2018","2.726,00","2.731,25","2.741,75","2.721,50","891,51K","-0,26%"
"21.05.2018","2.733,00","2.728,75","2.739,25","2.724,25","951,91K","0,74%"
"18.05.2018","2.713,00","2.718,75","2.727,00","2.708,75","1,01M","-0,21%"
"17.05.2018","2.718,75","2.721,75","2.732,00","2.711,00","1,07M","-0,16%"
"16.05.2018","2.723,00","2.711,25","2.728,00","2.704,50","1,06M","0,52%"
"15.05.2018","2.709,00","2.728,50","2.731,25","2.700,50","1,52M","-0,81%"
"14.05.2018","2.731,00","2.727,25","2.741,25","2.724,25","945,96K","0,05%"
"11.05.2018","2.729,50","2.716,25","2.732,50","2.716,25","1,07M","0,40%"
"10.05.2018","2.718,75","2.696,00","2.725,00","2.692,75","1,17M","0,84%"
"09.05.2018","2.696,00","2.669,75","2.700,00","2.666,50","1,25M","0,96%"
"08.05.2018","2.670,25","2.668,00","2.674,25","2.652,25","1,28M","0,01%"
"07.05.2018","2.670,00","2.662,75","2.681,50","2.661,25","1,15M","0,26%"
"04.05.2018","2.663,00","2.631,75","2.669,50","2.612,25","1,70M","1,19%"
"03.05.2018","2.631,75","2.626,75","2.636,25","2.591,25","2,15M","0,16%"
"02.05.2018","2.627,50","2.655,50","2.658,50","2.624,25","1,43M","-0,93%"
"01.05.2018","2.652,25","2.646,25","2.658,00","2.623,25","1,32M","0,20%"
"30.04.2018","2.647,00","2.670,50","2.682,25","2.645,00","1,34M","-0,92%"
"27.04.2018","2.671,50","2.675,50","2.676,25","2.657,75","1,14M","-0,11%"
"26.04.2018","2.674,50","2.648,25","2.677,50","2.639,50","1,28M","1,13%"
"25.04.2018","2.644,50","2.635,25","2.648,25","2.611,25","1,90M","0,35%"
"24.04.2018","2.635,25","2.672,00","2.688,50","2.616,00","2,33M","-1,35%"
"23.04.2018","2.671,25","2.683,00","2.684,75","2.657,25","1,24M","-0,01%"
"20.04.2018","2.671,50","2.692,50","2.698,25","2.659,75","1,60M","-0,80%"
"19.04.2018","2.693,00","2.711,75","2.713,25","2.681,50","1,58M","-0,62%"
"18.04.2018","2.709,75","2.704,50","2.718,50","2.703,75","1,04M","0,12%"
"17.04.2018","2.706,50","2.679,25","2.713,75","2.678,75","1,25M","0,92%"
"16.04.2018","2.681,75","2.673,25","2.687,00","2.660,75","1,24M","0,92%"
"13.04.2018","2.657,25","2.661,75","2.680,50","2.644,75","1,71M","-0,25%"
"12.04.2018","2.664,00","2.642,50","2.675,00","2.639,75","1,30M","0,87%"
"11.04.2018","2.641,00","2.654,50","2.661,25","2.626,00","1,64M","-0,53%"
"10.04.2018","2.655,00","2.617,75","2.666,25","2.612,25","2,00M","1,37%"
"09.04.2018","2.619,00","2.607,50","2.653,75","2.607,50","1,76M","0,51%"
"06.04.2018","2.605,75","2.663,00","2.664,00","2.584,50","2,62M","-2,10%"
"05.04.2018","2.661,75","2.645,75","2.672,25","2.644,00","1,64M","0,56%"
"04.04.2018","2.647,00","2.612,00","2.649,75","2.559,50","2,25M","1,29%"
"03.04.2018","2.613,25","2.581,25","2.618,75","2.573,50","2,22M","1,49%"
"02.04.2018","2.575,00","2.635,00","2.641,50","2.552,00","2,40M","-2,57%"
"29.03.2018","2.643,00","2.609,75","2.659,50","2.601,00","2,04M","1,36%"
"28.03.2018","2.607,50","2.612,75","2.633,75","2.593,00","2,80M","-0,32%"
"27.03.2018","2.615,75","2.659,50","2.679,75","2.596,00","2,45M","-1,65%"
"26.03.2018","2.659,50","2.595,00","2.662,75","2.591,00","2,30M","2,38%"
"23.03.2018","2.597,75","2.645,75","2.658,75","2.586,00","2,88M","-1,72%"
"22.03.2018","2.643,25","2.718,25","2.726,25","2.641,75","2,55M","-2,76%"
"21.03.2018","2.718,25","2.723,25","2.744,00","2.712,50","1,42M","-0,19%"
"20.03.2018","2.723,50","2.721,50","2.729,00","2.712,75","1,10M","0,03%"
"19.03.2018","2.722,75","2.756,25","2.756,50","2.697,25","1,99M","-1,06%"
"16.03.2018","2.751,83","2.753,75","2.757,00","2.747,00","46,76K","0,01%"
"15.03.2018","2.751,50","2.750,75","2.763,50","2.741,00","358,57K","0,06%"
"14.03.2018","2.749,75","2.763,00","2.779,50","2.744,25","766,90K","-0,68%"
"13.03.2018","2.768,50","2.782,25","2.802,50","2.758,50","1,23M","-0,56%"
"12.03.2018","2.784,00","2.784,00","2.800,50","2.779,00","1,23M","0,00%"
"09.03.2018","2.784,00","2.736,50","2.787,00","2.730,00","1,54M","1,63%"
"08.03.2018","2.739,25","2.722,50","2.740,50","2.720,00","1,50M","0,59%"
"07.03.2018","2.723,25","2.700,00","2.730,25","2.681,25","1,87M","-0,03%"
"06.03.2018","2.724,00","2.719,00","2.734,50","2.710,25","1,45M","0,20%"
"05.03.2018","2.718,50","2.683,25","2.727,75","2.663,75","1,78M","1,05%"
"02.03.2018","2.690,25","2.678,75","2.696,00","2.647,00","2,17M","0,45%"
"01.03.2018","2.678,25","2.718,25","2.731,00","2.658,50","2,82M","-1,34%"
"28.02.2018","2.714,50","2.746,50","2.762,00","2.712,00","1,88M","-1,20%"
"27.02.2018","2.747,50","2.783,50","2.789,75","2.742,00","1,72M","-1,33%"
"26.02.2018","2.784,50","2.751,50","2.786,00","2.742,50","1,26M","1,30%"
"23.02.2018","2.748,75","2.712,75","2.750,25","2.710,00","1,29M","1,37%"
"22.02.2018","2.711,50","2.698,50","2.731,00","2.682,00","1,62M","0,47%"
"21.02.2018","2.698,75","2.714,50","2.747,75","2.693,50","1,66M","-0,56%"
"20.02.2018","2.714,00","2.734,50","2.747,75","2.705,75","1,45M","-0,61%"
"19.02.2018","2.730,75","2.740,25","2.747,75","2.719,75","-","-0,35%"
"18.02.2018","2.740,25","2.736,25","2.741,00","2.734,50","-","0,19%"
"16.02.2018","2.735,00","2.734,00","2.754,75","2.722,25","1,74M","0,04%"
"15.02.2018","2.734,00","2.695,50","2.736,75","2.688,50","1,67M","1,37%"
"14.02.2018","2.697,00","2.662,50","2.701,75","2.627,00","2,09M","1,32%"
"13.02.2018","2.661,75","2.653,25","2.667,50","2.634,25","1,46M","0,24%"
"12.02.2018","2.655,25","2.628,25","2.671,50","2.620,00","2,17M","1,38%"
"09.02.2018","2.619,00","2.593,75","2.637,75","2.530,25","3,91M","0,98%"
"08.02.2018","2.593,50","2.664,75","2.686,50","2.577,00","3,12M","-2,80%"
"07.02.2018","2.668,25","2.685,50","2.726,75","2.660,50","2,49M","-0,97%"
"06.02.2018","2.694,25","2.624,00","2.699,75","2.529,00","4,81M","3,32%"
"05.02.2018","2.607,75","2.757,00","2.763,00","2.595,75","4,01M","-5,40%"
"02.02.2018","2.756,75","2.826,50","2.831,00","2.755,25","2,53M","-2,33%"
"01.02.2018","2.822,50","2.828,75","2.837,25","2.809,50","1,65M","-0,12%"
"31.01.2018","2.825,75","2.823,25","2.839,75","2.813,00","1,84M","0,04%"
"30.01.2018","2.824,50","2.853,25","2.858,00","2.818,50","2,13M","-1,02%"
"29.01.2018","2.853,50","2.874,25","2.878,50","2.851,50","1,40M","-0,73%"
"26.01.2018","2.874,50","2.842,25","2.876,00","2.841,25","1,29M","1,17%"
"25.01.2018","2.841,25","2.840,00","2.853,75","2.830,75","1,44M","0,01%"
"24.01.2018","2.841,00","2.837,00","2.855,25","2.825,50","1,89M","0,05%"
"23.01.2018","2.839,50","2.835,25","2.844,75","2.828,75","1,28M","0,15%"
"22.01.2018","2.835,25","2.804,00","2.838,25","2.802,00","1,18M","0,86%"
"19.01.2018","2.811,00","2.797,00","2.815,00","2.791,75","1,36M","0,53%"
"18.01.2018","2.796,25","2.803,25","2.808,00","2.793,75","1,35M","-0,27%"
"17.01.2018","2.803,75","2.782,75","2.809,50","2.779,00","1,54M","0,76%"
"16.01.2018","2.782,50","2.789,75","2.808,50","2.769,25","1,98M","-0,40%"
"15.01.2018","2.793,75","2.795,50","2.797,00","2.791,00","-","-0,06%"
"14.01.2018","2.795,50","2.789,75","2.795,50","2.789,75","-","0,24%"
"12.01.2018","2.788,75","2.768,75","2.790,00","2.766,75","1,36M","0,70%"
"11.01.2018","2.769,50","2.750,00","2.770,50","2.747,75","1,05M","0,69%"
"10.01.2018","2.750,50","2.749,75","2.752,00","2.736,50","1,29M","-0,06%"
"09.01.2018","2.752,25","2.746,50","2.760,00","2.742,75","1,14M","0,20%"
"08.01.2018","2.746,75","2.741,75","2.748,50","2.736,50","903,54K","0,15%"
"05.01.2018","2.742,50","2.725,00","2.743,25","2.723,75","1,14M","0,69%"
"04.01.2018","2.723,75","2.710,25","2.729,00","2.708,50","1,17M","0,47%"
"03.01.2018","2.711,00","2.693,75","2.714,25","2.692,25","1,11M","0,67%"
"02.01.2018","2.693,00","2.675,25","2.696,00","2.674,50","996,27K","0,46%"
"01.01.2018","2.680,75","2.675,75","2.681,00","2.674,75","-","0,18%"
"29.12.2017","2.676,00","2.684,75","2.698,25","2.667,75","1,09M","-0,36%"
"28.12.2017","2.685,75","2.684,00","2.689,00","2.683,00","535,62K","0,01%"
"27.12.2017","2.685,50","2.687,50","2.691,00","2.681,50","666,33K","-0,06%"
"26.12.2017","2.687,00","2.686,75","2.689,50","2.683,50","376,10K","-0,05%"
"25.12.2017","2.688,25","2.687,25","2.689,50","2.687,00","-","0,08%"
"22.12.2017","2.686,00","2.686,75","2.691,50","2.682,25","654,51K","-0,07%"
"21.12.2017","2.687,75","2.681,50","2.696,00","2.680,75","853,75K","0,23%"
"20.12.2017","2.681,50","2.684,75","2.695,50","2.679,00","981,22K","-0,09%"
"19.12.2017","2.684,00","2.695,00","2.698,00","2.682,50","980,48K","-0,39%"
"18.12.2017","2.694,50","2.683,00","2.698,00","2.682,50","1,04M","0,95%"
"15.12.2017","2.669,02","2.650,00","2.667,25","2.650,00","34,57K","0,59%"
"14.12.2017","2.653,25","2.665,50","2.670,75","2.649,25","473,84K","-0,50%"
"13.12.2017","2.666,50","2.665,50","2.672,50","2.656,75","758,32K","0,06%"
"12.12.2017","2.665,00","2.662,75","2.670,25","2.660,50","1,03M","0,13%"
"11.12.2017","2.661,50","2.652,00","2.664,75","2.649,25","1,27M","0,40%"
"08.12.2017","2.651,00","2.639,50","2.652,50","2.637,75","1,15M","0,44%"
"07.12.2017","2.639,50","2.630,50","2.641,25","2.626,25","1,35M","0,39%"
"06.12.2017","2.629,25","2.626,75","2.634,50","2.620,00","1,31M","0,04%"
"05.12.2017","2.628,25","2.636,00","2.648,75","2.627,25","1,39M","-0,38%"
"04.12.2017","2.638,25","2.654,50","2.665,25","2.633,75","1,76M","-0,22%"
"01.12.2017","2.644,00","2.640,75","2.650,75","2.605,00","2,52M","-0,15%"
"30.11.2017","2.648,00","2.625,00","2.658,50","2.621,75","2,35M","0,88%"
"29.11.2017","2.625,00","2.625,50","2.634,25","2.619,75","1,66M","-0,04%"
"28.11.2017","2.626,00","2.602,25","2.627,00","2.597,50","1,56M","0,93%"
"27.11.2017","2.601,75","2.601,00","2.605,50","2.596,50","960,11K","0,03%"
"24.11.2017","2.601,00","2.593,25","2.603,00","2.589,50","551,20K","0,23%"
"23.11.2017","2.595,00","2.594,12","2.598,00","2.589,50","-","0,02%"
"22.11.2017","2.594,50","2.595,75","2.600,00","2.592,75","770,81K","-0,07%"
"21.11.2017","2.596,25","2.582,00","2.600,50","2.579,25","1,15M","0,55%"
"20.11.2017","2.582,00","2.576,00","2.584,00","2.567,75","1,00M","0,22%"
"17.11.2017","2.576,25","2.584,25","2.586,00","2.574,75","1,19M","-0,34%"
"16.11.2017","2.585,00","2.564,25","2.589,50","2.562,25","1,53M","0,78%"
"15.11.2017","2.565,00","2.576,75","2.577,00","2.555,50","1,92M","-0,50%"
"14.11.2017","2.578,00","2.580,25","2.582,25","2.564,25","1,58M","-0,15%"
"13.11.2017","2.582,00","2.580,25","2.585,50","2.570,25","1,05M","0,10%"
"10.11.2017","2.579,50","2.582,00","2.585,75","2.571,50","1,19M","-0,17%"
"09.11.2017","2.584,00","2.591,25","2.594,50","2.563,25","2,22M","-0,27%"
"08.11.2017","2.591,00","2.584,00","2.592,50","2.579,75","1,06M","0,16%"
"07.11.2017","2.586,75","2.587,75","2.593,50","2.580,75","1,16M","-0,08%"
"06.11.2017","2.588,75","2.580,00","2.590,00","2.575,50","848,12K","0,23%"
"03.11.2017","2.582,75","2.577,50","2.585,50","2.573,50","992,68K","0,23%"
"02.11.2017","2.576,75","2.571,50","2.578,50","2.562,25","1,30M","0,08%"
"01.11.2017","2.574,75","2.572,75","2.585,50","2.571,00","1,29M","0,08%"
"31.10.2017","2.572,75","2.568,00","2.575,50","2.566,75","1,05M","0,18%"
"30.10.2017","2.568,25","2.575,50","2.578,25","2.565,50","1,24M","-0,40%"
"27.10.2017","2.578,50","2.561,50","2.580,75","2.557,50","1,56M","0,66%"
"26.10.2017","2.561,50","2.559,50","2.565,00","2.555,50","1,39M","0,12%"
"25.10.2017","2.558,50","2.564,75","2.566,25","2.541,50","2,10M","-0,34%"
"24.10.2017","2.567,25","2.562,50","2.570,25","2.562,25","1,05M","0,15%"
"23.10.2017","2.563,50","2.572,75","2.577,25","2.561,50","1,27M","-0,41%"
"20.10.2017","2.574,00","2.561,00","2.574,50","2.559,50","1,25M","0,53%"
"19.10.2017","2.560,50","2.560,00","2.561,50","2.542,50","1,36M","0,02%"
"18.10.2017","2.560,00","2.556,50","2.562,25","2.556,25","753,38K","0,12%"
"17.10.2017","2.557,00","2.555,50","2.557,75","2.552,25","738,74K","0,03%"
"16.10.2017","2.556,25","2.552,25","2.557,75","2.550,75","795,92K","0,14%"
"13.10.2017","2.552,75","2.548,00","2.555,50","2.547,00","918,54K","0,13%"
"12.10.2017","2.549,50","2.552,25","2.553,25","2.546,25","938,48K","-0,14%"
"11.10.2017","2.553,00","2.548,75","2.553,50","2.544,25","818,24K","0,18%"
"10.10.2017","2.548,50","2.543,25","2.553,25","2.542,75","1,15M","0,19%"
"09.10.2017","2.543,75","2.543,25","2.550,50","2.539,25","735,49K","-0,05%"
"06.10.2017","2.545,00","2.548,75","2.549,75","2.541,50","1,17M","-0,20%"
"05.10.2017","2.550,00","2.535,25","2.550,75","2.534,50","1,10M","0,54%"
"04.10.2017","2.536,25","2.533,00","2.538,00","2.529,00","956,59K","0,14%"
"03.10.2017","2.532,75","2.527,25","2.533,50","2.525,50","849,15K","0,26%"
"02.10.2017","2.526,25","2.518,00","2.528,00","2.517,00","1,14M","0,41%"
"29.09.2017","2.516,00","2.507,75","2.517,75","2.504,75","1,37M","0,33%"
"28.09.2017","2.507,75","2.503,25","2.508,25","2.499,00","1,11M","0,13%"
"27.09.2017","2.504,50","2.495,00","2.509,25","2.493,00","1,58M","0,36%"
"26.09.2017","2.495,50","2.498,00","2.501,25","2.492,25","1,14M","-0,06%"
"25.09.2017","2.497,00","2.499,00","2.504,50","2.485,00","1,54M","-0,10%"
"22.09.2017","2.499,50","2.500,75","2.501,00","2.492,00","1,02M","-0,06%"
"21.09.2017","2.501,00","2.504,50","2.506,25","2.496,50","1,12M","-0,17%"
"20.09.2017","2.505,25","2.503,75","2.507,25","2.494,00","1,23M","0,02%"
"19.09.2017","2.504,75","2.502,75","2.506,00","2.501,00","961,11K","0,08%"
"18.09.2017","2.502,75","2.499,00","2.506,00","2.497,75","1,09M","0,24%"
"15.09.2017","2.496,83","2.496,00","2.496,50","2.489,50","54,76K","0,01%"
"14.09.2017","2.496,50","2.496,25","2.498,25","2.489,50","419,70K","0,00%"
"13.09.2017","2.496,50","2.497,00","2.497,50","2.490,75","611,37K","0,02%"
"12.09.2017","2.496,00","2.488,25","2.497,00","2.486,75","1,04M","0,34%"
"11.09.2017","2.487,50","2.468,00","2.489,00","2.468,00","1,33M","1,02%"
"08.09.2017","2.462,50","2.466,50","2.467,50","2.456,75","1,24M","-0,16%"
"07.09.2017","2.466,50","2.464,00","2.468,75","2.457,50","1,53M","0,04%"
"06.09.2017","2.465,50","2.460,25","2.469,00","2.456,50","1,57M","0,23%"
"05.09.2017","2.459,75","2.461,25","2.471,25","2.445,50","2,12M","-0,40%"
"04.09.2017","2.469,62","2.464,75","2.470,75","2.462,00","-","0,20%"
"03.09.2017","2.464,75","2.461,50","2.466,50","2.461,12","-","-0,38%"
"01.09.2017","2.474,25","2.470,25","2.479,75","2.470,00","1,06M","0,17%"
"31.08.2017","2.470,00","2.455,25","2.474,25","2.454,75","1,75M","0,58%"
"30.08.2017","2.455,75","2.446,50","2.459,75","2.442,75","1,30M","0,36%"
"29.08.2017","2.447,00","2.434,00","2.448,50","2.421,00","1,62M","0,13%"
"28.08.2017","2.443,75","2.442,00","2.449,25","2.436,25","953,05K","0,05%"
"25.08.2017","2.442,50","2.442,50","2.453,50","2.437,50","1,21M","0,07%"
"24.08.2017","2.440,75","2.440,25","2.449,00","2.434,50","1,41M","-0,03%"
"23.08.2017","2.441,50","2.453,00","2.454,75","2.438,75","1,24M","-0,46%"
"22.08.2017","2.452,75","2.428,00","2.454,25","2.427,50","1,37M","1,02%"
"21.08.2017","2.428,00","2.428,75","2.431,50","2.415,75","1,34M","0,05%"
"18.08.2017","2.426,75","2.426,75","2.439,50","2.419,50","2,20M","-0,11%"
"17.08.2017","2.429,50","2.466,75","2.468,50","2.423,75","2,24M","-1,54%"
"16.08.2017","2.467,50","2.464,50","2.474,00","2.461,50","1,14M","0,15%"
"15.08.2017","2.463,75","2.464,50","2.473,25","2.460,00","1,06M","0,01%"
"14.08.2017","2.463,50","2.441,50","2.466,50","2.441,50","1,47M","0,96%"
"11.08.2017","2.440,00","2.434,50","2.446,50","2.430,25","1,67M","0,10%"
"10.08.2017","2.437,50","2.474,00","2.474,25","2.432,75","2,32M","-1,44%"
"09.08.2017","2.473,00","2.470,00","2.474,50","2.459,00","1,56M","0,01%"
"08.08.2017","2.472,75","2.477,50","2.488,50","2.467,50","1,37M","-0,19%"
"07.08.2017","2.477,50","2.472,25","2.478,25","2.472,00","599,70K","0,22%"
"04.08.2017","2.472,00","2.470,75","2.477,75","2.467,75","1,07M","0,01%"
"03.08.2017","2.471,75","2.473,25","2.474,50","2.466,00","1,09M","-0,07%"
"02.08.2017","2.473,50","2.474,00","2.476,00","2.463,25","1,30M","0,05%"
"01.08.2017","2.472,25","2.468,00","2.477,25","2.466,25","1,04M","0,17%"
"31.07.2017","2.468,00","2.470,50","2.475,00","2.465,25","1,23M","-0,09%"
"28.07.2017","2.470,25","2.472,00","2.472,00","2.461,50","1,16M","-0,07%"
"27.07.2017","2.472,00","2.474,50","2.480,50","2.457,00","1,65M","-0,05%"
"26.07.2017","2.473,25","2.475,25","2.479,75","2.471,50","972,44K","-0,03%"
"25.07.2017","2.474,00","2.467,00","2.478,75","2.466,25","1,07M","0,22%"
"24.07.2017","2.468,50","2.469,75","2.470,50","2.463,50","857,75K","-0,04%"
"21.07.2017","2.469,50","2.472,50","2.475,25","2.462,75","1,10M","-0,07%"
"20.07.2017","2.471,25","2.471,00","2.476,25","2.465,50","1,11M","-0,01%"
"19.07.2017","2.471,50","2.459,75","2.472,00","2.457,75","958,46K","0,56%"
"18.07.2017","2.457,75","2.459,25","2.461,00","2.448,00","1,09M","-0,03%"
"17.07.2017","2.458,50","2.457,00","2.460,50","2.454,00","862,47K","0,10%"
"14.07.2017","2.456,00","2.446,50","2.461,25","2.442,00","1,09M","0,43%"
"13.07.2017","2.445,50","2.441,25","2.447,00","2.439,00","941,06K","0,23%"
"12.07.2017","2.440,00","2.425,00","2.443,75","2.422,50","1,16M","0,64%"
"11.07.2017","2.424,50","2.423,75","2.427,75","2.410,25","1,13M","0,00%"
"10.07.2017","2.424,50","2.423,00","2.430,00","2.419,25","861,22K","0,08%"
"07.07.2017","2.422,50","2.409,25","2.425,00","2.407,50","1,27M","0,58%"
"06.07.2017","2.408,50","2.428,00","2.430,50","2.405,25","1,60M","-0,80%"
"05.07.2017","2.428,00","2.423,75","2.432,25","2.419,25","1,29M","0,18%"
"04.07.2017","2.423,75","2.427,38","2.431,38","2.421,25","-","-0,05%"
"03.07.2017","2.425,00","2.422,00","2.436,50","2.421,50","766,23K","0,17%"
"30.06.2017","2.421,00","2.420,75","2.429,75","2.415,00","1,64M","0,04%"
"29.06.2017","2.420,00","2.442,00","2.445,00","2.402,25","2,34M","-0,76%"
"28.06.2017","2.438,50","2.417,00","2.442,50","2.413,75","1,56M","0,74%"
"27.06.2017","2.420,50","2.435,75","2.437,25","2.416,50","1,64M","-0,64%"
"26.06.2017","2.436,00","2.432,00","2.447,50","2.430,00","1,27M","0,04%"
"23.06.2017","2.435,00","2.431,25","2.438,75","2.428,25","1,20M","0,13%"
"22.06.2017","2.431,75","2.431,75","2.439,00","2.428,00","1,06M","-0,07%"
"21.06.2017","2.433,50","2.435,75","2.440,00","2.428,00","1,37M","-0,16%"
"20.06.2017","2.437,50","2.447,75","2.451,00","2.434,00","1,33M","-0,41%"
"19.06.2017","2.447,50","2.433,50","2.451,50","2.432,75","1,22M","0,52%"
"16.06.2017","2.434,89","2.433,75","2.439,00","2.432,50","47,30K","0,03%"
"15.06.2017","2.434,25","2.436,00","2.436,00","2.418,25","470,70K","-0,12%"
"14.06.2017","2.437,25","2.440,25","2.445,50","2.427,75","684,54K","-0,11%"
"13.06.2017","2.440,00","2.428,75","2.441,50","2.427,25","1,03M","0,47%"
"12.06.2017","2.428,50","2.430,00","2.431,00","2.419,00","1,25M","-0,08%"
"09.06.2017","2.430,50","2.427,25","2.445,75","2.414,75","1,59M","-0,08%"
"08.06.2017","2.432,50","2.431,50","2.439,00","2.427,25","1,45M","0,02%"
"07.06.2017","2.432,00","2.429,50","2.435,00","2.424,00","1,43M","0,05%"
"06.06.2017","2.430,75","2.434,25","2.435,75","2.426,25","1,35M","-0,15%"
"05.06.2017","2.434,50","2.435,25","2.439,00","2.433,00","891,94K","-0,13%"
"02.06.2017","2.437,75","2.429,25","2.439,75","2.427,00","1,74M","0,34%"
"01.06.2017","2.429,50","2.413,75","2.430,50","2.410,50","1,43M","0,77%"
"31.05.2017","2.411,00","2.410,50","2.416,75","2.402,75","1,73M","0,01%"
"30.05.2017","2.410,75","2.414,00","2.417,00","2.407,75","1,04M","-0,14%"
"29.05.2017","2.414,25","2.415,50","2.417,00","2.413,75","-","-0,05%"
"28.05.2017","2.415,50","2.414,62","2.417,00","2.414,00","-","0,07%"
"26.05.2017","2.413,75","2.413,00","2.415,75","2.408,00","879,56K","0,01%"
"25.05.2017","2.413,50","2.403,00","2.417,75","2.402,50","1,32M","0,48%"
"24.05.2017","2.402,00","2.397,00","2.404,00","2.394,75","984,36K","0,17%"
"23.05.2017","2.398,00","2.393,50","2.399,50","2.386,75","1,02M","0,22%"
"22.05.2017","2.392,75","2.381,75","2.394,25","2.378,25","1,11M","0,47%"
"19.05.2017","2.381,50","2.364,00","2.388,00","2.361,00","1,67M","0,76%"
"18.05.2017","2.363,50","2.355,00","2.375,00","2.344,50","2,46M","0,25%"
"17.05.2017","2.357,50","2.396,50","2.396,75","2.354,75","2,81M","-1,65%"
"16.05.2017","2.397,00","2.399,75","2.404,50","2.393,75","1,07M","-0,06%"
"15.05.2017","2.398,50","2.388,75","2.402,25","2.388,00","1,04M","0,41%"
"12.05.2017","2.388,75","2.390,25","2.391,50","2.384,25","1,09M","-0,09%"
"11.05.2017","2.391,00","2.395,00","2.395,25","2.379,00","1,36M","-0,18%"
"10.05.2017","2.395,25","2.391,75","2.397,00","2.387,50","998,86K","0,08%"
"09.05.2017","2.393,25","2.394,50","2.400,00","2.388,75","1,11M","-0,07%"
"08.05.2017","2.395,00","2.402,50","2.403,75","2.389,75","957,16K","-0,11%"
"05.05.2017","2.397,75","2.386,00","2.399,25","2.379,00","1,13M","0,51%"
"04.05.2017","2.385,50","2.382,00","2.390,75","2.376,00","1,23M","0,09%"
"03.05.2017","2.383,25","2.384,00","2.386,00","2.375,50","1,08M","-0,10%"
"02.05.2017","2.385,75","2.386,25","2.388,75","2.381,75","958,98K","-0,05%"
"01.05.2017","2.387,00","2.381,50","2.390,75","2.377,00","906,28K","0,27%"
"28.04.2017","2.380,50","2.386,25","2.388,75","2.378,25","1,17M","-0,23%"
"27.04.2017","2.386,00","2.381,50","2.388,75","2.378,75","1,12M","0,16%"
"26.04.2017","2.382,25","2.383,00","2.394,75","2.381,50","1,49M","-0,12%"
"25.04.2017","2.385,00","2.370,00","2.389,25","2.368,25","1,32M","0,63%"
"24.04.2017","2.370,00","2.365,75","2.376,75","2.365,25","1,55M","0,96%"
"21.04.2017","2.347,50","2.352,75","2.356,00","2.340,50","1,28M","-0,19%"
"20.04.2017","2.352,00","2.333,25","2.358,25","2.332,50","1,47M","0,78%"
"19.04.2017","2.333,75","2.337,75","2.349,25","2.331,25","1,25M","-0,15%"
"18.04.2017","2.337,25","2.345,00","2.347,00","2.330,25","1,43M","-0,33%"
"17.04.2017","2.345,00","2.324,00","2.346,00","2.322,75","981,68K","0,75%"
"13.04.2017","2.327,50","2.338,75","2.345,00","2.324,00","1,59M","-0,57%"
"12.04.2017","2.340,75","2.351,75","2.356,50","2.337,50","1,53M","-0,44%"
"11.04.2017","2.351,00","2.354,25","2.355,75","2.333,25","1,86M","-0,06%"
"10.04.2017","2.352,50","2.351,75","2.363,25","2.347,50","1,35M","0,01%"
"07.04.2017","2.352,25","2.355,25","2.360,75","2.336,75","1,47M","-0,06%"
"06.04.2017","2.353,75","2.345,50","2.361,25","2.338,00","1,60M","0,31%"
"05.04.2017","2.346,50","2.358,75","2.375,00","2.343,75","1,94M","-0,42%"
"04.04.2017","2.356,50","2.354,25","2.358,75","2.344,75","1,21M","0,02%"
"03.04.2017","2.356,00","2.357,50","2.363,25","2.340,00","1,72M","-0,14%"
"31.03.2017","2.359,25","2.365,50","2.366,75","2.356,75","1,57M","-0,22%"
"30.03.2017","2.364,50","2.357,00","2.366,75","2.353,25","1,16M","0,32%"
"29.03.2017","2.357,00","2.353,00","2.359,75","2.348,75","1,15M","0,23%"
"28.03.2017","2.351,50","2.340,50","2.360,50","2.333,50","1,62M","0,56%"
"27.03.2017","2.338,50","2.337,00","2.341,50","2.317,75","1,61M","-0,27%"
"24.03.2017","2.344,75","2.341,00","2.352,75","2.331,75","1,60M","0,20%"
"23.03.2017","2.340,00","2.342,25","2.356,00","2.338,25","1,63M","-0,11%"
"22.03.2017","2.342,50","2.340,50","2.348,75","2.332,25","1,88M","0,01%"
"21.03.2017","2.342,25","2.369,00","2.378,75","2.338,00","2,57M","-1,18%"
"20.03.2017","2.370,25","2.373,75","2.376,00","2.365,50","1,08M","-0,65%"
"17.03.2017","2.385,80","2.382,25","2.385,75","2.379,00","42,54K","0,13%"
"16.03.2017","2.382,75","2.382,50","2.392,00","2.376,75","377,98K","-0,04%"
"15.03.2017","2.383,75","2.367,00","2.390,50","2.366,50","621,38K","0,73%"
"14.03.2017","2.366,50","2.374,00","2.374,75","2.358,00","952,37K","-0,36%"
"13.03.2017","2.375,00","2.370,75","2.375,25","2.368,00","1,04M","0,14%"
"10.03.2017","2.371,75","2.367,50","2.379,75","2.362,25","1,36M","0,23%"
"09.03.2017","2.366,25","2.363,75","2.369,25","2.354,00","1,79M","0,10%"
"08.03.2017","2.364,00","2.365,75","2.373,00","2.359,50","1,65M","-0,11%"
"07.03.2017","2.366,50","2.371,25","2.375,50","2.364,50","1,30M","-0,38%"
"06.03.2017","2.375,50","2.380,25","2.380,75","2.367,00","1,38M","-0,24%"
"03.03.2017","2.381,25","2.379,75","2.383,25","2.373,75","1,36M","-0,03%"
"02.03.2017","2.382,00","2.392,25","2.394,25","2.378,00","1,74M","-0,48%"
"01.03.2017","2.393,50","2.364,50","2.401,00","2.363,25","2,17M","1,30%"
"28.02.2017","2.362,75","2.365,75","2.368,75","2.357,50","1,61M","-0,23%"
"27.02.2017","2.368,25","2.362,75","2.370,75","2.361,00","1,16M","0,14%"
"24.02.2017","2.365,00","2.361,50","2.365,75","2.349,50","1,55M","0,10%"
"23.02.2017","2.362,75","2.362,00","2.367,50","2.353,00","1,56M","0,07%"
"22.02.2017","2.361,00","2.360,00","2.363,75","2.355,25","1,30M","0,04%"
"21.02.2017","2.360,00","2.346,50","2.365,00","2.346,00","1,65M","0,29%"
"20.02.2017","2.353,25","2.347,25","2.356,75","2.346,00","-","0,24%"
"19.02.2017","2.347,50","2.346,75","2.348,00","2.346,25","-","-0,02%"
"17.02.2017","2.348,00","2.345,00","2.348,75","2.336,50","1,40M","0,11%"
"16.02.2017","2.345,50","2.350,25","2.350,75","2.336,75","1,74M","-0,21%"
"15.02.2017","2.350,50","2.335,50","2.351,50","2.331,25","1,53M","0,58%"
"14.02.2017","2.337,00","2.326,50","2.337,75","2.319,75","1,39M","0,46%"
"13.02.2017","2.326,25","2.314,25","2.329,00","2.313,25","1,21M","0,58%"
"10.02.2017","2.312,75","2.304,25","2.315,75","2.303,00","1,18M","0,37%"
"09.02.2017","2.304,25","2.290,50","2.307,75","2.287,75","1,35M","0,61%"
"08.02.2017","2.290,25","2.285,75","2.292,00","2.281,00","1,28M","0,08%"
"07.02.2017","2.288,50","2.286,25","2.295,00","2.284,00","1,20M","0,09%"
"06.02.2017","2.286,50","2.293,00","2.294,25","2.283,50","1,16M","-0,20%"
"03.02.2017","2.291,00","2.274,00","2.294,00","2.270,50","1,42M","0,68%"
"02.02.2017","2.275,50","2.275,00","2.279,75","2.264,50","1,41M","0,04%"
"01.02.2017","2.274,50","2.277,00","2.285,00","2.268,25","1,57M","0,00%"
"31.01.2017","2.274,50","2.275,75","2.278,25","2.262,25","1,63M","-0,07%"
"30.01.2017","2.276,00","2.282,00","2.285,75","2.263,25","1,85M","-0,57%"
"27.01.2017","2.289,00","2.294,00","2.296,75","2.287,00","942,08K","-0,22%"
"26.01.2017","2.294,00","2.293,75","2.299,50","2.289,50","1,17M","0,00%"
"25.01.2017","2.294,00","2.275,75","2.295,25","2.274,75","1,39M","0,86%"
"24.01.2017","2.274,50","2.260,75","2.280,50","2.259,50","1,27M","0,55%"
"23.01.2017","2.262,00","2.266,00","2.267,50","2.251,75","1,47M","-0,18%"
"20.01.2017","2.266,00","2.261,00","2.272,75","2.259,75","1,74M","0,20%"
"19.01.2017","2.261,50","2.265,50","2.269,50","2.253,00","1,39M","-0,22%"
"18.01.2017","2.266,50","2.262,00","2.268,50","2.258,25","1,11M","0,17%"
"17.01.2017","2.262,75","2.270,25","2.270,50","2.257,25","1,54M","-0,15%"
"16.01.2017","2.266,25","2.268,50","2.269,50","2.265,00","-","-0,10%"
"15.01.2017","2.268,50","2.270,25","2.270,25","2.268,00","-","-0,18%"
"13.01.2017","2.272,50","2.264,50","2.273,50","2.262,75","1,19M","0,40%"
"12.01.2017","2.263,50","2.270,50","2.270,50","2.248,50","1,75M","-0,31%"
"11.01.2017","2.270,50","2.263,75","2.271,75","2.255,00","1,73M","0,30%"
"10.01.2017","2.263,75","2.264,50","2.274,00","2.259,50","1,30M","-0,06%"
"09.01.2017","2.265,00","2.271,25","2.275,25","2.263,50","1,03M","-0,29%"
"06.01.2017","2.271,50","2.264,25","2.277,00","2.258,25","1,55M","0,32%"
"05.01.2017","2.264,25","2.264,50","2.266,00","2.254,00","1,32M","0,00%"
"04.01.2017","2.264,25","2.252,75","2.267,25","2.251,00","1,40M","0,52%"
"03.01.2017","2.252,50","2.240,75","2.259,50","2.239,50","1,81M","0,41%"
"02.01.2017","2.243,25","2.241,38","2.244,88","2.241,38","-","0,31%"